timestep,S,V,target_S,target_V,pred_target_S,pred_target_V
2026-03-07 02:40:00+00:00,1406.0,42.0,317.0,42.0,651.7451700329453,-2688.6034970143296
2026-03-07 02:41:00+00:00,725.0,73.0,-681.0,31.0,54.34537088018383,-2671.8244528118
2026-03-07 02:42:00+00:00,1046.0,233.0,321.0,160.0,314.88810321327577,-2559.920062879224
2026-03-07 02:43:00+00:00,1135.0,141.0,89.0,-92.0,397.3372782790921,-2621.5814986227456
2026-03-07 02:44:00+00:00,802.0,261.0,-333.0,120.0,109.72568023600653,-2547.637695809927
2026-03-07 02:45:00+00:00,1067.0,221.0,265.0,-40.0,333.6433610931622,-2567.6597536113154
2026-03-07 02:46:00+00:00,914.0,270.0,-153.0,49.0,201.3148041521387,-2538.3490270491293
2026-03-07 02:47:00+00:00,814.0,410.0,-100.0,140.0,113.85469040806896,-2447.7478661180826
2026-03-07 02:48:00+00:00,962.0,396.0,148.0,-14.0,235.94004863595703,-2450.71370069562
2026-03-07 02:49:00+00:00,934.0,233.0,-28.0,-163.0,219.60685038298672,-2562.787859504797
2026-03-07 02:50:00+00:00,725.0,466.0,-209.0,233.0,41.198757459310066,-2414.569184555067
2026-03-07 02:51:00+00:00,856.0,687.0,131.0,221.0,136.90671165599758,-2256.1924176563693
2026-03-07 02:52:00+00:00,845.0,879.0,-11.0,192.0,120.62211394330708,-2123.255815671141
2026-03-07 02:53:00+00:00,604.0,1244.0,-241.0,365.0,-73.68078046150559,-1896.1802019617894
2026-03-07 02:54:00+00:00,1006.0,784.0,402.0,-460.0,254.97450747982032,-2175.8308895306573
2026-03-07 02:55:00+00:00,890.0,1087.0,-116.0,303.0,147.84069783200815,-1970.622917083656
2026-03-07 02:56:00+00:00,829.0,1066.0,-61.0,-21.0,100.85911134014557,-1992.850670975219
2026-03-07 02:57:00+00:00,826.0,548.0,-3.0,-518.0,118.26879131068166,-2353.713173463678
2026-03-07 02:58:00+00:00,378.0,1304.0,-448.0,756.0,-232.28378617980158,-1886.6939730894046
2026-03-07 02:59:00+00:00,1114.0,937.0,736.0,-367.0,337.8627633374287,-2054.73952043618
2026-03-07 03:00:00+00:00,1044.0,541.0,-70.0,-396.0,298.32647618104585,-2345.520756996432
2026-03-07 03:01:00+00:00,812.0,1924.0,-232.0,1383.0,55.52163755576626,-1365.7736796466775
2026-03-07 03:02:00+00:00,741.0,943.0,-71.0,-981.0,37.44852179198631,-2088.982916071492
2026-03-07 03:03:00+00:00,631.0,1842.0,-110.0,899.0,-71.53639507738048,-1464.3253811865832
2026-03-07 03:04:00+00:00,1274.0,2083.0,643.0,241.0,408.41010392359044,-1138.8879722915863
2026-03-07 03:05:00+00:00,839.0,2050.0,-435.0,-33.0,70.55516121520051,-1263.8186826394344
2026-03-07 03:06:00+00:00,902.0,2295.0,63.0,245.0,107.05930208880586,-1058.224410162711
2026-03-07 03:07:00+00:00,485.0,2232.0,-417.0,-63.0,-180.1158214192559,-1210.0481151019592
2026-03-07 03:08:00+00:00,891.0,1568.0,406.0,-664.0,128.8561710624659,-1618.2059135100726
2026-03-07 03:09:00+00:00,1175.0,2768.0,284.0,1200.0,290.52695075744003,-596.0951091797109
2026-03-07 03:10:00+00:00,921.0,2409.0,-254.0,-359.0,116.25130700138226,-962.9816122085659
2026-03-07 03:11:00+00:00,701.0,1549.0,-220.0,-860.0,-12.565285448262419,-1664.712176009994
2026-03-07 03:12:00+00:00,787.0,2906.0,86.0,1357.0,1.5655593949826412,-602.888830127198
2026-03-07 03:13:00+00:00,1322.0,2318.0,535.0,-588.0,433.9810162236204,-933.0940115446355
2026-03-07 03:14:00+00:00,1006.0,1975.0,-316.0,-343.0,199.69131968034256,-1284.9699947784095
2026-03-07 03:15:00+00:00,1164.0,2922.0,158.0,947.0,273.7615292080762,-468.8644252871284
2026-03-07 03:16:00+00:00,940.0,1581.0,-224.0,-1341.0,166.17737269044216,-1599.9901134606278
2026-03-07 03:17:00+00:00,727.0,2254.0,-213.0,673.0,-17.211503764541604,-1133.838136494014
2026-03-07 03:18:00+00:00,1324.0,2209.0,597.0,-45.0,442.291598001719,-1023.3522484881647
2026-03-07 03:19:00+00:00,806.0,1219.0,-518.0,-990.0,77.33661183093173,-1886.507111057235
2026-03-07 03:20:00+00:00,1132.0,2022.0,326.0,803.0,296.4332879505934,-1220.177683998756
2026-03-07 03:21:00+00:00,1118.0,2631.0,-14.0,609.0,253.8583962211783,-727.7808883645022
2026-03-07 03:22:00+00:00,666.0,2050.0,-452.0,-581.0,-53.31233093785672,-1302.7926278133862
2026-03-07 03:23:00+00:00,411.0,855.0,-255.0,-1195.0,-201.53672637624834,-2180.8686563166625
2026-03-07 03:24:00+00:00,1305.0,1913.0,894.0,1058.0,444.36218387124427,-1270.4589264620704
2026-03-07 03:25:00+00:00,942.0,1670.0,-363.0,-243.0,163.865092852784,-1532.4639467477202
2026-03-07 03:26:00+00:00,1140.0,2337.0,198.0,667.0,286.25991028838206,-963.949503435535
2026-03-07 03:27:00+00:00,953.0,1348.0,-187.0,-989.0,186.55253821198878,-1771.772494898154
2026-03-07 03:28:00+00:00,798.0,1861.0,-155.0,513.0,47.57846566493806,-1416.2377116922996
2026-03-07 03:29:00+00:00,715.0,2060.0,-83.0,199.0,-19.209355340119338,-1284.213144016127
2026-03-07 03:30:00+00:00,676.0,1946.0,-39.0,-114.0,-43.08312702217661,-1378.1826316971656
2026-03-07 03:31:00+00:00,883.0,2046.0,207.0,100.0,103.24496171131605,-1256.994754194415
2026-03-07 03:32:00+00:00,1092.0,1945.0,209.0,-101.0,268.5401038053499,-1290.0087202176744
2026-03-07 03:33:00+00:00,1314.0,1461.0,222.0,-484.0,479.34142264125444,-1629.7877480375485
2026-03-07 03:34:00+00:00,1101.0,1694.0,-213.0,233.0,288.44208738432013,-1484.6724329224503
2026-03-07 03:35:00+00:00,750.0,2335.0,-351.0,641.0,-3.8321024792604033,-1065.6577608213731
2026-03-07 03:36:00+00:00,932.0,1375.0,182.0,-960.0,168.82034523479408,-1754.9344805151063
2026-03-07 03:37:00+00:00,545.0,2128.0,-387.0,753.0,-138.09805830581806,-1272.5428427801485
2026-03-07 03:38:00+00:00,855.0,1499.0,310.0,-629.0,104.07217416912444,-1675.474322231126
2026-03-07 03:39:00+00:00,1030.0,1857.0,175.0,358.0,223.93160866385082,-1371.90126747931
2026-03-07 03:40:00+00:00,1015.0,1912.0,-15.0,55.0,209.61445197622848,-1332.2038844577064
2026-03-07 03:41:00+00:00,691.0,1583.0,-324.0,-329.0,-20.91938123632453,-1641.8024505926676
2026-03-07 03:42:00+00:00,623.0,1564.0,-68.0,-19.0,-69.134738029454,-1667.2516913461748
2026-03-07 03:43:00+00:00,607.0,989.0,-16.0,-575.0,-64.37384328945912,-2071.549975088719
2026-03-07 03:44:00+00:00,1489.0,1885.0,882.0,896.0,604.6031966651168,-1255.026417355192
2026-03-07 03:45:00+00:00,1854.0,1643.0,365.0,-242.0,961.2989488217519,-1388.22405107127
2026-03-07 03:46:00+00:00,1006.0,1645.0,-848.0,2.0,215.0090795240266,-1539.8097709164592
2026-03-07 03:47:00+00:00,498.0,1968.0,-508.0,323.0,-165.57787366069212,-1400.3053363495294
2026-03-07 03:48:00+00:00,1157.0,1096.0,659.0,-872.0,365.8996524408041,-1931.9931609906002
2026-03-07 03:49:00+00:00,542.0,1313.0,-615.0,217.0,-119.7192087364535,-1856.9554217278437
2026-03-07 03:50:00+00:00,907.0,798.0,365.0,-515.0,173.3943679623185,-2174.5048851521988
2026-03-07 03:51:00+00:00,1585.0,1986.0,678.0,1188.0,682.8210333485873,-1150.0031242268021
2026-03-07 03:52:00+00:00,1143.0,1535.0,-442.0,-451.0,330.91468791070696,-1600.283127946142
2026-03-07 03:53:00+00:00,775.0,2102.0,-368.0,567.0,22.124482395439884,-1238.6211858099039
2026-03-07 03:54:00+00:00,1500.0,1748.0,725.0,-354.0,623.7937383840939,-1366.0324526184575
2026-03-07 03:55:00+00:00,1658.0,1676.0,158.0,-72.0,772.6128638619475,-1396.0443072428022
2026-03-07 03:56:00+00:00,403.0,973.0,-1255.0,-703.0,-209.3077145668103,-2104.2702915868504
2026-03-07 03:57:00+00:00,1064.0,1973.0,661.0,1000.0,245.02898594992993,-1273.9573304359076
2026-03-07 03:58:00+00:00,626.0,1955.0,-438.0,-18.0,-78.29540905270451,-1382.229768104683
2026-03-07 03:59:00+00:00,1438.0,1740.0,812.0,-215.0,569.5499335777831,-1384.470325045654
2026-03-07 04:00:00+00:00,449.0,1496.0,-989.0,-244.0,-188.13924712387518,-1744.4355045376983
2026-03-07 04:01:00+00:00,1141.0,1565.0,692.0,69.0,327.6888536473146,-1577.447510705762
2026-03-07 04:02:00+00:00,437.0,1658.0,-704.0,93.0,-199.50860622824484,-1633.561005589568
2026-03-07 04:03:00+00:00,629.0,1514.0,192.0,-144.0,-63.41572408573995,-1701.997830984287
2026-03-07 04:04:00+00:00,517.0,1597.0,-112.0,83.0,-144.04941229908113,-1662.1863334909422
2026-03-07 04:05:00+00:00,1192.0,1432.0,675.0,-165.0,377.18519593550144,-1671.7695278968586
2026-03-07 04:06:00+00:00,603.0,1811.0,-589.0,379.0,-90.17756034257394,-1492.5886767053196
2026-03-07 04:07:00+00:00,458.0,1663.0,-145.0,-148.0,-185.57094807488076,-1626.2167162731882
2026-03-07 04:08:00+00:00,623.0,1715.0,165.0,52.0,-73.47532367248935,-1558.448796906399
2026-03-07 04:09:00+00:00,547.0,1102.0,-76.0,-613.0,-110.86663308510457,-2001.3734437609812
2026-03-07 04:10:00+00:00,1593.0,1398.0,1046.0,296.0,733.2257507418707,-1636.357862311253
2026-03-07 04:11:00+00:00,914.0,1500.0,-679.0,102.0,149.4426071177799,-1665.0105347620618
2026-03-07 04:12:00+00:00,186.0,1834.0,-728.0,334.0,-361.5555990883978,-1559.874127363782
2026-03-07 04:13:00+00:00,898.0,1279.0,712.0,-555.0,146.21132431257814,-1830.456199565107
2026-03-07 04:14:00+00:00,840.0,506.0,-58.0,-773.0,131.13232650297974,-2381.5029336719963
2026-03-07 04:15:00+00:00,3403.0,1938.0,2563.0,1432.0,2675.8218349562453,-803.3476987133683
2026-03-07 04:16:00+00:00,586.0,1109.0,-2817.0,-829.0,-82.98047505412532,-1991.8455757063102
2026-03-07 04:17:00+00:00,1021.0,1290.0,435.0,181.0,243.59213125331303,-1804.9807805114888
2026-03-07 04:18:00+00:00,1419.0,1757.0,398.0,467.0,551.8089903609127,-1374.262635327005
2026-03-07 04:19:00+00:00,1910.0,1610.0,491.0,-147.0,1018.90814748894,-1406.5341794536948
2026-03-07 04:20:00+00:00,1630.0,1312.0,-280.0,-298.0,774.1091123504439,-1700.7796482419496
2026-03-07 04:21:00+00:00,1308.0,1486.0,-322.0,174.0,472.6555373069386,-1611.0891657630339
2026-03-07 04:22:00+00:00,456.0,808.0,-852.0,-678.0,-168.9227158178619,-2207.5047427852664
2026-03-07 04:23:00+00:00,747.0,1353.0,291.0,545.0,27.908557208027464,-1798.6992795370363
2026-03-07 04:24:00+00:00,1377.0,1448.0,630.0,95.0,534.9925353893194,-1629.981622858868
2026-03-07 04:25:00+00:00,2536.0,1278.0,1159.0,-170.0,1715.9290146948854,-1601.1382681058
2026-03-07 04:26:00+00:00,1457.0,1450.0,-1079.0,172.0,605.7509731615347,-1615.6485477992803
2026-03-07 04:27:00+00:00,651.0,1631.0,-806.0,181.0,-51.16442739869563,-1614.1147635119992
2026-03-07 04:28:00+00:00,561.0,1385.0,-90.0,-246.0,-108.15119504295996,-1804.0030188431965
2026-03-07 04:29:00+00:00,663.0,1039.0,102.0,-346.0,-24.476024684981255,-2030.9779129262579
2026-03-07 04:30:00+00:00,1463.0,1251.0,800.0,212.0,624.5559088381586,-1773.2123327971258
2026-03-07 04:31:00+00:00,652.0,1566.0,-811.0,315.0,-48.49530038186537,-1660.8282547705776
2026-03-07 04:32:00+00:00,523.0,1433.0,-129.0,-133.0,-135.96936447935116,-1776.3510615165235
2026-03-07 04:33:00+00:00,914.0,1675.0,391.0,242.0,142.06241648281016,-1533.8306608844823
2026-03-07 04:34:00+00:00,1619.0,1702.0,705.0,27.0,734.6695820881754,-1381.5748449825812
2026-03-07 04:35:00+00:00,1507.0,930.0,-112.0,-772.0,686.9084462733783,-2019.7175161296911
2026-03-07 04:36:00+00:00,676.0,798.0,-831.0,-132.0,-7.275798595249417,-2194.7625451140652
2026-03-07 04:37:00+00:00,1102.0,1699.0,426.0,901.0,288.995058607677,-1480.6042785764337
2026-03-07 04:38:00+00:00,391.0,662.0,-711.0,-1037.0,-211.97114819482806,-2307.3161487744333
2026-03-07 04:39:00+00:00,1313.0,2110.0,922.0,1448.0,439.1599177193627,-1107.7633668692215
2026-03-07 04:40:00+00:00,695.0,716.0,-618.0,-1394.0,9.782516536190613,-2248.7542361276587
2026-03-07 04:41:00+00:00,952.0,1288.0,257.0,572.0,188.3968465955998,-1816.236379771565
2026-03-07 04:42:00+00:00,746.0,3717.0,-206.0,2429.0,-54.20931084027962,55.720824736777345
2026-03-07 04:43:00+00:00,685.0,3218.0,-61.0,-499.0,-76.93805434483743,-383.5277376448939
2026-03-07 04:44:00+00:00,2097.0,2499.0,1412.0,-719.0,1120.7066466100678,-568.0965348841353
2026-03-07 04:45:00+00:00,713.0,1394.0,-1384.0,-1105.0,1.286310692245015,-1774.4208866076601
2026-03-07 04:46:00+00:00,1421.0,1914.0,708.0,520.0,543.2602516562665,-1245.2488674971842
2026-03-07 04:47:00+00:00,768.0,3630.0,-653.0,1716.0,-37.04539166556763,-9.333845857783816
2026-03-07 04:48:00+00:00,613.0,2778.0,-155.0,-852.0,-110.56776047164945,-759.2152020149924
2026-03-07 04:49:00+00:00,2471.0,3059.0,1858.0,281.0,1439.6279188643573,87.78980330061701
2026-03-07 04:50:00+00:00,1364.0,2437.0,-1107.0,-622.0,461.3584724180217,-822.012947752249
2026-03-07 04:51:00+00:00,966.0,1489.0,-398.0,-948.0,190.57357216622069,-1664.6896258922413
2026-03-07 04:52:00+00:00,415.0,3202.0,-551.0,1713.0,-243.68436015519416,-491.5887105669731
2026-03-07 04:53:00+00:00,685.0,3533.0,270.0,331.0,-86.89404455590712,-123.60807236208107
2026-03-07 04:54:00+00:00,2211.0,2255.0,1526.0,-1278.0,1259.0960181766259,-765.3196802093224
2026-03-07 04:55:00+00:00,2162.0,1983.0,-49.0,-272.0,1236.5528500431133,-1026.8003728319259
2026-03-07 04:56:00+00:00,872.0,1923.0,-1290.0,-60.0,100.02118949416322,-1353.8514126634889
2026-03-07 04:57:00+00:00,401.0,3671.0,-471.0,1748.0,-260.6083211286592,-122.54960891383453
2026-03-07 04:58:00+00:00,403.0,3305.0,2.0,-366.0,-252.6704756670418,-414.7214352393063
2026-03-07 04:59:00+00:00,1331.0,1874.0,928.0,-1431.0,468.6880961645801,-1296.686770093386
2026-03-07 05:00:00+00:00,1009.0,2080.0,-322.0,206.0,197.12524786699902,-1201.91256069888
2026-03-07 05:01:00+00:00,616.0,1915.0,-393.0,-165.0,-84.08053365858888,-1413.8351423309734
2026-03-07 05:02:00+00:00,504.0,3231.0,-112.0,1316.0,-190.95343275372653,-437.1787421921619
2026-03-07 05:03:00+00:00,115.0,1900.0,-389.0,-1331.0,-404.2905592592936,-1529.4664634137914
2026-03-07 05:04:00+00:00,917.0,3040.0,802.0,1140.0,86.61266483246905,-450.4255094834373
2026-03-07 05:05:00+00:00,1174.0,1949.0,257.0,-1091.0,334.1181312773777,-1269.2880273674273
2026-03-07 05:06:00+00:00,668.0,1690.0,-506.0,-259.0,-40.82108427873194,-1568.1937854271446
2026-03-07 05:07:00+00:00,674.0,3259.0,6.0,1569.0,-85.32419224688142,-353.95289282748547
2026-03-07 05:08:00+00:00,417.0,5227.0,-257.0,1968.0,-281.46516772865164,1216.081627436335
2026-03-07 05:09:00+00:00,2193.0,2452.0,1776.0,-2775.0,1220.8539016628172,-585.9204902841734
2026-03-07 05:10:00+00:00,1188.0,1677.0,-1005.0,-775.0,360.4024763105215,-1481.8253703414014
2026-03-07 05:11:00+00:00,505.0,1583.0,-683.0,-94.0,-151.9450069754955,-1674.1594517744752
2026-03-07 05:12:00+00:00,565.0,3635.0,60.0,2052.0,-163.9831461271108,-86.18156509382102
2026-03-07 05:13:00+00:00,734.0,4412.0,169.0,777.0,-85.3838467988827,655.0063834812338
2026-03-07 05:14:00+00:00,2016.0,1990.0,1282.0,-2422.0,1089.1030308384188,-1052.3644624843257
2026-03-07 05:15:00+00:00,1193.0,1929.0,-823.0,-61.0,350.66625315468707,-1281.2196948532185
2026-03-07 05:16:00+00:00,687.0,1299.0,-506.0,-630.0,-14.812731441011794,-1845.9564035494411
2026-03-07 05:17:00+00:00,394.0,3080.0,-293.0,1781.0,-253.82023766571052,-594.1326598915383
2026-03-07 05:18:00+00:00,1301.0,5141.0,907.0,2061.0,247.22767198179633,1638.3216571100677
2026-03-07 05:19:00+00:00,1577.0,1707.0,276.0,-3434.0,695.950285428861,-1385.2852701383824
2026-03-07 05:20:00+00:00,982.0,1860.0,-595.0,153.0,186.39304348828617,-1379.3797805511235
2026-03-07 05:21:00+00:00,739.0,1277.0,-243.0,-583.0,24.531026985462802,-1854.2302458660267
2026-03-07 05:22:00+00:00,255.0,3508.0,-484.0,2231.0,-339.02586465207617,-310.2094609603092
2026-03-07 05:23:00+00:00,978.0,4854.0,723.0,1346.0,48.19319795698758,1183.5611071102305
2026-03-07 05:24:00+00:00,873.0,1680.0,-105.0,-3174.0,110.55698267377105,-1537.6268245626309
2026-03-07 05:25:00+00:00,533.0,2239.0,-340.0,559.0,-148.82767331873265,-1193.0649045616487
2026-03-07 05:26:00+00:00,648.0,2327.0,115.0,88.0,-74.1139899959304,-1097.9291982694401
2026-03-07 05:27:00+00:00,265.0,3269.0,-383.0,942.0,-330.67162548046355,-492.7070944003986
2026-03-07 05:28:00+00:00,658.0,1404.0,393.0,-1865.0,-39.27227352196393,-1775.737975686083
2026-03-07 05:29:00+00:00,1409.0,5283.0,751.0,3879.0,313.86364637944166,1842.4945515745717
2026-03-07 05:30:00+00:00,674.0,2383.0,-735.0,-2900.0,-58.081668486572696,-1048.3589736999454
2026-03-07 05:31:00+00:00,955.0,2320.0,281.0,-63.0,145.30518459202682,-1024.9909753695183
2026-03-07 05:32:00+00:00,598.0,3026.0,-357.0,706.0,-127.17421606147732,-568.1444769963545
2026-03-07 05:33:00+00:00,945.0,5651.0,347.0,2625.0,-7.394587309120838,1930.6280723881957
2026-03-07 05:34:00+00:00,1638.0,2514.0,693.0,-3137.0,690.7754478521554,-680.9357087911504
2026-03-07 05:35:00+00:00,1013.0,2474.0,-625.0,-40.0,181.78952953050182,-886.0683043954508
2026-03-07 05:36:00+00:00,740.0,2516.0,-273.0,42.0,-17.02457492625534,-927.464131105166
2026-03-07 05:37:00+00:00,868.0,4414.0,128.0,1898.0,-2.7316227819760583,721.7840371425307
2026-03-07 05:38:00+00:00,816.0,6106.0,-52.0,1692.0,-98.9937937505303,2296.653370493155
2026-03-07 05:39:00+00:00,1211.0,2577.0,395.0,-3529.0,329.18058529608095,-746.2242212365658
2026-03-07 05:40:00+00:00,1802.0,2930.0,591.0,353.0,804.098791325919,-256.6152690880478
2026-03-07 05:41:00+00:00,1033.0,2453.0,-769.0,-477.0,197.8783682505228,-897.6831003206436
2026-03-07 05:42:00+00:00,626.0,6849.0,-407.0,4396.0,-219.6538132895364,2907.2397423333746
2026-03-07 05:43:00+00:00,1530.0,7800.0,904.0,951.0,223.35153268224738,4672.195599368699
2026-03-07 05:44:00+00:00,2330.0,2915.0,800.0,-4885.0,1310.9265631508251,-101.31072805574775
2026-03-07 05:45:00+00:00,1336.0,2393.0,-994.0,-522.0,440.9380004986804,-866.5853403998419
2026-03-07 05:46:00+00:00,1039.0,3374.0,-297.0,981.0,158.274441981585,-124.24707230925497
2026-03-07 05:47:00+00:00,451.0,5353.0,-588.0,1979.0,-267.0476819076079,1349.9265348931356
2026-03-07 05:48:00+00:00,1330.0,7616.0,879.0,2263.0,115.47074391832716,4290.991677448242
2026-03-07 05:49:00+00:00,1661.0,3055.0,331.0,-4561.0,669.7097292195566,-188.16255328371028
2026-03-07 05:50:00+00:00,355.0,1183.0,-1306.0,-1872.0,-245.65907324725745,-1970.9138500442273
2026-03-07 05:51:00+00:00,1630.0,2884.0,1275.0,1701.0,655.8802578620343,-353.51727280673293
2026-03-07 05:52:00+00:00,820.0,5521.0,-810.0,2637.0,-74.68859922449816,1727.6188478701395
2026-03-07 05:53:00+00:00,943.0,6668.0,123.0,1147.0,-52.826620804981324,2956.8631581778127
2026-03-07 05:54:00+00:00,1360.0,2982.0,417.0,-3686.0,423.8440807228625,-353.39873864927995
2026-03-07 05:55:00+00:00,886.0,1779.0,-474.0,-1203.0,116.39347558148086,-1460.5292247813836
2026-03-07 05:56:00+00:00,827.0,2470.0,-59.0,691.0,45.72972470874067,-939.7970465802423
2026-03-07 05:57:00+00:00,834.0,6085.0,7.0,3615.0,-88.3867414214464,2287.842518345608
2026-03-07 05:58:00+00:00,820.0,6292.0,-14.0,207.0,-103.85961593747456,2485.153250556559
2026-03-07 05:59:00+00:00,955.0,2640.0,135.0,-3652.0,131.20461405094056,-767.5911085476753
2026-03-07 06:00:00+00:00,1918.0,1733.0,963.0,-907.0,1015.9043899835033,-1298.7650438115847
2026-03-07 06:01:00+00:00,426.0,2444.0,-1492.0,711.0,-222.27645564756943,-1068.0124366492325
2026-03-07 06:02:00+00:00,399.0,4963.0,-27.0,2519.0,-285.52551551680835,970.6337320559072
2026-03-07 06:03:00+00:00,704.0,6623.0,305.0,1660.0,-175.1987764305748,2736.216698885418
2026-03-07 06:04:00+00:00,918.0,2445.0,214.0,-4178.0,112.5208013000479,-935.0721780658208
2026-03-07 06:05:00+00:00,1579.0,1731.0,661.0,-714.0,696.01915967946,-1364.9880387716373
2026-03-07 06:06:00+00:00,503.0,3110.0,-1076.0,1379.0,-188.7533266760183,-533.5587491086467
2026-03-07 06:07:00+00:00,304.0,4447.0,-199.0,1337.0,-325.3758108425256,476.01201569601494
2026-03-07 06:08:00+00:00,953.0,3360.0,649.0,-1087.0,98.08087075119563,-168.0919912712207
2026-03-07 06:09:00+00:00,1470.0,4879.0,517.0,1519.0,384.82165410764736,1470.8914113928179
2026-03-07 06:10:00+00:00,160.0,1263.0,-1310.0,-3616.0,-372.9867224203173,-1944.5680658072404
2026-03-07 06:11:00+00:00,990.0,3472.0,830.0,2209.0,118.95654685517594,-58.00460406414185
2026-03-07 06:12:00+00:00,301.0,5844.0,-689.0,2372.0,-346.30471846930993,1707.589641940964
2026-03-07 06:13:00+00:00,954.0,6359.0,653.0,515.0,-33.230915445554714,2646.205715274463
2026-03-07 06:14:00+00:00,990.0,2484.0,36.0,-3875.0,164.087600708734,-884.2398533618226
2026-03-07 06:15:00+00:00,1744.0,4093.0,754.0,1609.0,658.6573962810226,828.6054229966788
2026-03-07 06:16:00+00:00,1139.0,4524.0,-605.0,431.0,170.5382926219365,956.2674146270139
2026-03-07 06:17:00+00:00,649.0,5372.0,-490.0,848.0,-164.61636373967966,1484.131586554394
2026-03-07 06:18:00+00:00,766.0,8015.0,117.0,2643.0,-193.31995322450862,4251.515425434113
2026-03-07 06:19:00+00:00,1970.0,4099.0,1204.0,-3916.0,852.1107196685808,936.3010756884656
2026-03-07 06:20:00+00:00,530.0,3558.0,-1440.0,-541.0,-183.06295328924836,-163.34564949713388
2026-03-07 06:21:00+00:00,1295.0,2701.0,765.0,-857.0,388.8811837059498,-616.9495851439607
2026-03-07 06:22:00+00:00,758.0,7294.0,-537.0,4593.0,-171.64571078564455,3469.987583512599
2026-03-07 06:23:00+00:00,1117.0,7779.0,359.0,485.0,-12.23209474082373,4294.636838598426
2026-03-07 06:24:00+00:00,2666.0,3892.0,1549.0,-3887.0,1543.5808641247547,1026.7214251244122
2026-03-07 06:25:00+00:00,403.0,1785.0,-2263.0,-2107.0,-224.40658335471255,-1550.7301147129328
2026-03-07 06:26:00+00:00,1111.0,5226.0,708.0,3441.0,115.46563518330106,1613.7504644520784
2026-03-07 06:27:00+00:00,814.0,5713.0,-297.0,487.0,-85.31780639041239,1909.367854291817
2026-03-07 06:28:00+00:00,866.0,6300.0,52.0,587.0,-79.35488527072245,2525.036349260623
2026-03-07 06:29:00+00:00,1481.0,3488.0,615.0,-2812.0,488.01885494287325,144.0336499239378
2026-03-07 06:30:00+00:00,637.0,4028.0,-844.0,540.0,-131.58515001078584,274.8814104928623
2026-03-07 06:31:00+00:00,1049.0,3096.0,412.0,-932.0,178.90374709138473,-358.8490885706222
2026-03-07 06:32:00+00:00,546.0,4384.0,-503.0,1288.0,-194.26491218934717,539.5652229952227
2026-03-07 06:33:00+00:00,994.0,6620.0,448.0,2236.0,-22.615772505200276,2944.1612285336255
2026-03-07 06:34:00+00:00,1404.0,2507.0,410.0,-4113.0,490.16205006872167,-751.5718192443951
2026-03-07 06:35:00+00:00,1190.0,4708.0,-214.0,2201.0,195.63184935669358,1156.5162607173324
2026-03-07 06:36:00+00:00,329.0,1662.0,-861.0,-3046.0,-270.29945920752135,-1650.4815050085442
2026-03-07 06:37:00+00:00,705.0,5533.0,376.0,3871.0,-139.24731363086914,1669.2276936232536
2026-03-07 06:38:00+00:00,756.0,6071.0,51.0,538.0,-129.93465599343176,2221.891219581048
2026-03-07 06:39:00+00:00,1854.0,3300.0,1098.0,-2771.0,819.5513946767279,107.53431918874824
2026-03-07 06:40:00+00:00,566.0,4161.0,-1288.0,861.0,-177.11714980060376,356.84372531756804
2026-03-07 06:41:00+00:00,919.0,2468.0,353.0,-1693.0,112.27886881447728,-916.4243072767422
2026-03-07 06:42:00+00:00,1046.0,7591.0,127.0,5123.0,-40.23162830247515,4025.7230349366328
2026-03-07 06:43:00+00:00,1009.0,8183.0,-37.0,592.0,-87.00526276899585,4654.851932572996
2026-03-07 06:44:00+00:00,1220.0,2976.0,211.0,-5207.0,313.8382821767857,-404.44694537523077
2026-03-07 06:45:00+00:00,1482.0,5148.0,262.0,2172.0,375.31327166333654,1747.666990266125
2026-03-07 06:46:00+00:00,1225.0,4578.0,-257.0,-570.0,227.15954781759368,1050.3607370983311
2026-03-07 06:47:00+00:00,799.0,4240.0,-426.0,-338.0,-39.392001146770006,533.2343505916832
2026-03-07 06:48:00+00:00,990.0,6684.0,191.0,2444.0,-27.765057373192956,3008.0164697667024
2026-03-07 06:49:00+00:00,2271.0,3780.0,1281.0,-2904.0,1160.8278180087827,742.9352329158113
2026-03-07 06:50:00+00:00,1559.0,5078.0,-712.0,1298.0,437.145229585427,1719.8948563568085
2026-03-07 06:51:00+00:00,556.0,3551.0,-1003.0,-1527.0,-167.24370122494236,-158.9268982371343
2026-03-07 06:52:00+00:00,788.0,5484.0,232.0,1933.0,-91.4834291733568,1672.821898834788
2026-03-07 06:53:00+00:00,1395.0,7173.0,607.0,1689.0,182.32765164871822,3845.009690886593
2026-03-07 06:54:00+00:00,2194.0,2470.0,799.0,-4703.0,1220.037939165116,-568.7406920323883
2026-03-07 06:55:00+00:00,1200.0,4546.0,-994.0,2076.0,211.4833153988663,1007.4292343100569
2026-03-07 06:56:00+00:00,856.0,4220.0,-344.0,-326.0,-2.6339370931490005,541.9522984425587
2026-03-07 06:57:00+00:00,478.0,3363.0,-378.0,-857.0,-209.60697773885252,-341.0781710994836
2026-03-07 06:58:00+00:00,486.0,1728.0,8.0,-1635.0,-168.16356837562364,-1575.0375097454566
2026-03-07 06:59:00+00:00,1271.0,6235.0,785.0,4507.0,162.43954754552183,2737.023195185172
2026-03-07 07:00:00+00:00,531.0,2715.0,-740.0,-3520.0,-161.8100460220169,-832.9344082337855
2026-03-07 07:01:00+00:00,646.0,2490.0,115.0,-225.0,-80.33372365853799,-973.5190590631715
2026-03-07 07:02:00+00:00,654.0,4469.0,8.0,1979.0,-134.66209295442295,666.4762395541894
2026-03-07 07:03:00+00:00,606.0,5755.0,-48.0,1286.0,-198.3706374410157,1818.650912977891
2026-03-07 07:04:00+00:00,1279.0,2160.0,673.0,-3595.0,407.9998174911842,-1074.6197546031292
2026-03-07 07:05:00+00:00,561.0,5139.0,-718.0,2979.0,-205.32304372131244,1218.4253096007076
2026-03-07 07:06:00+00:00,932.0,2517.0,371.0,-2622.0,119.71086338930334,-873.5734620114685
2026-03-07 07:07:00+00:00,381.0,5288.0,-551.0,2771.0,-300.30932598145023,1250.1645756981916
2026-03-07 07:08:00+00:00,666.0,6003.0,285.0,715.0,-174.78662368123645,2095.684792704682
2026-03-07 07:09:00+00:00,1541.0,2428.0,875.0,-3575.0,612.1182797229858,-782.4051084766736
2026-03-07 07:10:00+00:00,248.0,3238.0,-1293.0,810.0,-339.72588639278274,-522.6918804016072
2026-03-07 07:11:00+00:00,684.0,2644.0,436.0,-594.0,-59.470046406487015,-843.0788772941644
2026-03-07 07:12:00+00:00,945.0,5800.0,261.0,3156.0,-13.891415957804277,2077.553532887178
2026-03-07 07:13:00+00:00,1064.0,7381.0,119.0,1581.0,-20.46925409362777,3810.092878209514
2026-03-07 07:14:00+00:00,2559.0,2169.0,1495.0,-5212.0,1636.8588930710507,-762.1186575087272
2026-03-07 07:15:00+00:00,1121.0,4442.0,-1438.0,2273.0,162.4904003622815,870.6128438910833
2026-03-07 07:16:00+00:00,913.0,4874.0,-208.0,432.0,6.532337009345918,1167.5691516799354
2026-03-07 07:17:00+00:00,475.0,4824.0,-438.0,-50.0,-243.41622936528822,888.7129809630641
2026-03-07 07:18:00+00:00,1535.0,7077.0,1060.0,2253.0,277.64773803549514,3846.9124514698387
2026-03-07 07:19:00+00:00,2481.0,1835.0,946.0,-5242.0,1590.132626140485,-1096.3908171721268
2026-03-07 07:20:00+00:00,1223.0,4892.0,-1258.0,3057.0,208.03976739466344,1351.0576873020807
2026-03-07 07:21:00+00:00,275.0,5643.0,-948.0,751.0,-355.23089556097057,1507.286088832206
2026-03-07 07:22:00+00:00,768.0,4128.0,493.0,-1515.0,-54.69251408515551,420.252113355138
2026-03-07 07:23:00+00:00,837.0,6779.0,69.0,2651.0,-113.54599270044555,2993.5657702416365
2026-03-07 07:24:00+00:00,1593.0,4538.0,756.0,-2241.0,502.4294946622746,1195.8386031441544
2026-03-07 07:25:00+00:00,1778.0,4138.0,185.0,-400.0,683.4519300646099,888.3106361539601
2026-03-07 07:26:00+00:00,759.0,1877.0,-1019.0,-2261.0,18.536868702862467,-1412.2389793288376
2026-03-07 07:27:00+00:00,351.0,2325.0,-408.0,448.0,-266.8357561748769,-1175.33775298114
2026-03-07 07:28:00+00:00,619.0,6470.0,268.0,4145.0,-212.0961653022323,2521.8876981799735
2026-03-07 07:29:00+00:00,513.0,2026.0,-106.0,-4444.0,-156.94793078760048,-1354.8026572555452
2026-03-07 07:30:00+00:00,976.0,2672.0,463.0,646.0,145.18627017849934,-735.3675239410416
2026-03-07 07:31:00+00:00,287.0,3953.0,-689.0,1281.0,-327.4611314566299,58.74943334923031
2026-03-07 07:32:00+00:00,466.0,3263.0,179.0,-690.0,-214.60054037660893,-425.2685278655678
2026-03-07 07:33:00+00:00,638.0,5288.0,172.0,2025.0,-168.07657488779216,1399.5124259012744
2026-03-07 07:34:00+00:00,782.0,1743.0,144.0,-3545.0,40.11208786371436,-1507.6765532407096
2026-03-07 07:35:00+00:00,510.0,3180.0,-272.0,1437.0,-186.0999162866283,-475.6614279356449
2026-03-07 07:36:00+00:00,375.0,4944.0,-135.0,1764.0,-297.2752681916559,940.8248851740723
2026-03-07 07:37:00+00:00,247.0,3369.0,-128.0,-1575.0,-341.7718299803668,-421.79089952688304
2026-03-07 07:38:00+00:00,475.0,6082.0,228.0,2713.0,-270.9875511153737,2044.9134198080444
2026-03-07 07:39:00+00:00,589.0,1657.0,114.0,-4425.0,-95.70119340780201,-1606.5837586417865
2026-03-07 07:40:00+00:00,475.0,3845.0,-114.0,2188.0,-221.95969200969708,50.61138581928424
2026-03-07 07:41:00+00:00,566.0,2901.0,91.0,-944.0,-144.2115120810975,-677.393079198169
2026-03-07 07:42:00+00:00,369.0,3886.0,-197.0,985.0,-282.2674827877322,39.360429882896725
2026-03-07 07:43:00+00:00,574.0,5328.0,205.0,1442.0,-203.38889814395952,1399.1923717424409
2026-03-07 07:44:00+00:00,774.0,4043.0,200.0,-1285.0,-47.91243726205275,348.6063835528347
2026-03-07 07:45:00+00:00,2038.0,4458.0,1264.0,415.0,878.846696098942,1334.7956376315963
2026-03-07 07:46:00+00:00,1390.0,8351.0,-648.0,3893.0,103.69231160570266,5195.396922715397
2026-03-07 07:47:00+00:00,472.0,5426.0,-918.0,-2925.0,-258.1114656936907,1429.0876142690295
2026-03-07 07:48:00+00:00,691.0,8357.0,219.0,2931.0,-236.89591922099467,4560.543942126793
2026-03-07 07:49:00+00:00,1306.0,1935.0,615.0,-6422.0,443.87728566618927,-1252.3928175870153
2026-03-07 07:50:00+00:00,1872.0,3827.0,566.0,1892.0,790.1646296935613,623.2363133329663
2026-03-07 07:51:00+00:00,534.0,8640.0,-1338.0,4813.0,-305.88211283390353,4726.8363269677275
2026-03-07 07:52:00+00:00,500.0,5184.0,-34.0,-3456.0,-238.4410527276569,1224.719129786134
2026-03-07 07:53:00+00:00,908.0,7699.0,408.0,2515.0,-114.92070191942072,4028.3361674426155
2026-03-07 07:54:00+00:00,2073.0,1837.0,1165.0,-5862.0,1160.4872915532771,-1176.8844110751413
2026-03-07 07:55:00+00:00,710.0,4189.0,-1363.0,2352.0,-92.48986341056326,447.13229326843816
2026-03-07 07:56:00+00:00,603.0,5949.0,-107.0,1760.0,-205.30825740443956,2002.1435190787345
2026-03-07 07:57:00+00:00,286.0,3714.0,-317.0,-2235.0,-324.83557431728747,-134.57965106463658
2026-03-07 07:58:00+00:00,770.0,5433.0,484.0,1719.0,-99.80960154372964,1613.4318850686225
2026-03-07 07:59:00+00:00,1286.0,2956.0,516.0,-2477.0,366.53912569366315,-400.22444951704404
2026-03-07 08:00:00+00:00,611.0,2486.0,-675.0,-470.0,-103.64032329594386,-986.1644169479046
2026-03-07 08:01:00+00:00,277.0,7307.0,-334.0,4821.0,-375.6021736382958,3097.4514830495473
2026-03-07 08:02:00+00:00,324.0,2245.0,47.0,-5062.0,-282.2281383140683,-1240.160205014517
2026-03-07 08:03:00+00:00,322.0,1154.0,-2.0,-1091.0,-267.2487844715128,-1994.3713237598174
2026-03-07 08:04:00+00:00,609.0,4642.0,287.0,3488.0,-165.55381974073458,797.1787180889091
2026-03-07 08:05:00+00:00,821.0,3129.0,212.0,-1513.0,16.494221875980962,-409.18797687623584
2026-03-07 08:06:00+00:00,449.0,4906.0,-372.0,1777.0,-258.78467431547153,947.3440010221196
2026-03-07 08:07:00+00:00,491.0,6474.0,42.0,1568.0,-272.31296150475436,2434.790719254051
2026-03-07 08:08:00+00:00,664.0,3092.0,173.0,-3382.0,-86.6309611504292,-493.06638342366847
2026-03-07 08:09:00+00:00,794.0,2708.0,130.0,-384.0,13.611919780649524,-760.0631156806904
2026-03-07 08:10:00+00:00,534.0,3435.0,-260.0,727.0,-177.6356704195279,-262.0712920663239
2026-03-07 08:11:00+00:00,621.0,7049.0,87.0,3614.0,-227.71910945821682,3107.3532770288934
2026-03-07 08:12:00+00:00,301.0,2820.0,-320.0,-4229.0,-304.3064275001026,-822.9445837698146
2026-03-07 08:13:00+00:00,763.0,4830.0,462.0,2010.0,-82.52113709719231,1046.8829946140854
2026-03-07 08:14:00+00:00,1899.0,2769.0,1136.0,-2061.0,906.5407728973598,-374.93943717695726
2026-03-07 08:15:00+00:00,1244.0,3405.0,-655.0,636.0,307.8385524424932,-20.72841960913604
2026-03-07 08:16:00+00:00,657.0,12567.0,-587.0,9162.0,-378.3971565909652,9670.606912823934
2026-03-07 08:17:00+00:00,257.0,3040.0,-400.0,-9527.0,-332.3915860926175,-670.9170464833439
2026-03-07 08:18:00+00:00,1333.0,3974.0,1076.0,934.0,341.2232687499989,532.6626764602395
2026-03-07 08:19:00+00:00,1538.0,2116.0,205.0,-1858.0,631.6575514348883,-1050.5045089340088
2026-03-07 08:20:00+00:00,1294.0,3020.0,-244.0,904.0,369.0328877383576,-341.93021451674025
2026-03-07 08:21:00+00:00,637.0,11009.0,-657.0,7989.0,-336.7676920181324,7627.40617826579
2026-03-07 08:22:00+00:00,289.0,3146.0,-348.0,-7863.0,-315.642760753337,-579.0610707025168
2026-03-07 08:23:00+00:00,1002.0,3621.0,713.0,475.0,120.49858640088259,76.14587257338177
2026-03-07 08:24:00+00:00,753.0,1402.0,-249.0,-2219.0,30.69183536204846,-1762.523328550069
2026-03-07 08:25:00+00:00,1681.0,4565.0,928.0,3163.0,569.9193500244962,1266.746672926669
2026-03-07 08:26:00+00:00,1092.0,13499.0,-589.0,8934.0,-313.6145012294299,11589.041907784627
2026-03-07 08:27:00+00:00,522.0,3618.0,-570.0,-9881.0,-189.29114247850137,-117.32179426429614
2026-03-07 08:28:00+00:00,831.0,5956.0,309.0,2338.0,-85.08139984257092,2158.1051518606737
2026-03-07 08:29:00+00:00,589.0,2038.0,-242.0,-3918.0,-106.05556164914567,-1329.0145627868244
2026-03-07 08:30:00+00:00,942.0,2132.0,353.0,94.0,143.78451464020895,-1176.5696130848914
2026-03-07 08:31:00+00:00,274.0,4598.0,-668.0,2466.0,-342.46724376485616,588.8825558360717
2026-03-07 08:32:00+00:00,237.0,3980.0,-37.0,-618.0,-353.9108024527222,58.87718294094185
2026-03-07 08:33:00+00:00,410.0,2780.0,173.0,-1200.0,-238.6510553136189,-819.6655788912944
2026-03-07 08:34:00+00:00,548.0,1105.0,138.0,-1675.0,-110.2266767832238,-1999.2059895692394
2026-03-07 08:35:00+00:00,2143.0,3140.0,1595.0,2035.0,1102.787003372101,56.08289927525049
2026-03-07 08:36:00+00:00,496.0,11542.0,-1647.0,8402.0,-386.0160402348543,8122.7168489902515
2026-03-07 08:37:00+00:00,345.0,3570.0,-151.0,-7972.0,-290.35410062680756,-226.10050811108195
2026-03-07 08:38:00+00:00,967.0,4233.0,622.0,663.0,68.92959909944842,605.1817296508569
2026-03-07 08:39:00+00:00,769.0,1417.0,-198.0,-2816.0,42.123084047992755,-1749.203600932191
2026-03-07 08:40:00+00:00,389.0,4189.0,-380.0,2772.0,-276.6809333379464,299.3610938235978
2026-03-07 08:41:00+00:00,514.0,7143.0,125.0,2954.0,-277.63821146365575,3119.9615167345905
2026-03-07 08:42:00+00:00,204.0,2602.0,-310.0,-4541.0,-357.867474162642,-1013.2034245564474
2026-03-07 08:43:00+00:00,441.0,4445.0,237.0,1843.0,-253.55087515484945,541.2465456768755
2026-03-07 08:44:00+00:00,1389.0,2235.0,948.0,-2210.0,495.1007585909073,-985.7971437671829
2026-03-07 08:45:00+00:00,217.0,2343.0,-1172.0,108.0,-347.80717623506865,-1196.7043738153666
2026-03-07 08:46:00+00:00,976.0,9217.0,759.0,6874.0,-149.55625786736482,5821.535908511761
2026-03-07 08:47:00+00:00,871.0,7996.0,-105.0,-1221.0,-144.7907548870026,4322.9786297519795
2026-03-07 08:48:00+00:00,739.0,5115.0,-132.0,-2881.0,-106.33675578748672,1296.6365812311537
2026-03-07 08:49:00+00:00,888.0,1517.0,149.0,-3598.0,128.64300843758974,-1656.677434244747
2026-03-07 08:50:00+00:00,1842.0,3052.0,954.0,1535.0,829.9124154721432,-130.19851548139908
2026-03-07 08:51:00+00:00,620.0,6932.0,-1222.0,3880.0,-224.82912509556203,2987.0500451393327
2026-03-07 08:52:00+00:00,403.0,2571.0,-217.0,-4361.0,-239.021990826746,-979.5415351360248
2026-03-07 08:53:00+00:00,507.0,2908.0,104.0,337.0,-181.57166490628575,-690.7490822019407
2026-03-07 08:54:00+00:00,575.0,930.0,68.0,-1978.0,-86.1796087707131,-2114.9693326219353
2026-03-07 08:55:00+00:00,1085.0,2648.0,510.0,1718.0,227.7962489151448,-723.2522665728534
2026-03-07 08:56:00+00:00,848.0,12203.0,-237.0,9555.0,-320.0842155190885,9442.799616772636
2026-03-07 08:57:00+00:00,328.0,4179.0,-520.0,-8024.0,-309.03508572692317,262.96548262964484
2026-03-07 08:58:00+00:00,686.0,4210.0,358.0,31.0,-107.6895451800376,454.38890448008215
2026-03-07 08:59:00+00:00,1955.0,2300.0,1269.0,-1910.0,1001.1783609676392,-788.1305167123583
2026-03-07 09:00:00+00:00,1111.0,3852.0,-844.0,1552.0,185.89992294166433,325.6388211510778
2026-03-07 09:01:00+00:00,312.0,6569.0,-799.0,2717.0,-351.84263472969457,2398.768458624688
2026-03-07 09:02:00+00:00,196.0,2518.0,-116.0,-4051.0,-361.6849279621975,-1076.4305374921717
2026-03-07 09:03:00+00:00,526.0,2558.0,330.0,40.0,-161.18623906996558,-954.6952545373044
2026-03-07 09:04:00+00:00,825.0,2451.0,299.0,-107.0,45.02824396086835,-955.3307338783118
2026-03-07 09:05:00+00:00,459.0,2224.0,-366.0,-227.0,-196.78125323366152,-1222.3108765331601
2026-03-07 09:06:00+00:00,335.0,5020.0,-124.0,2796.0,-318.341640605989,985.7567072219773
2026-03-07 09:07:00+00:00,577.0,4367.0,242.0,-653.0,-176.2236050422172,539.7171097662888
2026-03-07 09:08:00+00:00,683.0,5365.0,106.0,998.0,-145.8935452283413,1497.6432878641406
2026-03-07 09:09:00+00:00,981.0,1663.0,298.0,-3702.0,194.53620609477056,-1530.636426294056
2026-03-07 09:10:00+00:00,1509.0,3180.0,528.0,1517.0,532.1086612554067,-126.54762980364578
2026-03-07 09:11:00+00:00,765.0,8826.0,-744.0,5646.0,-222.3898339631297,5157.4060962711865
2026-03-07 09:12:00+00:00,264.0,3358.0,-501.0,-5468.0,-332.3109294786373,-424.05713960670965
2026-03-07 09:13:00+00:00,498.0,3320.0,234.0,-38.0,-196.64416208684148,-368.2017856191048
2026-03-07 09:14:00+00:00,674.0,1399.0,176.0,-1921.0,-27.480477413349202,-1776.833056109982
2026-03-07 09:15:00+00:00,1511.0,3525.0,837.0,2126.0,509.70813858969285,189.69480443873607
2026-03-07 09:16:00+00:00,898.0,9163.0,-613.0,5638.0,-180.4564457628152,5679.023572567528
2026-03-07 09:17:00+00:00,182.0,2594.0,-716.0,-6569.0,-370.3543549168609,-1025.302784708202
2026-03-07 09:18:00+00:00,564.0,4192.0,382.0,1598.0,-179.08070662355235,382.4949638808942
2026-03-07 09:19:00+00:00,1781.0,1925.0,1217.0,-2267.0,867.8275188644352,-1160.02808239395
2026-03-07 09:20:00+00:00,2002.0,3989.0,221.0,2064.0,890.6163268648237,839.8878846608812
2026-03-07 09:21:00+00:00,508.0,9898.0,-1494.0,5909.0,-344.78937079993057,6133.299797487526
2026-03-07 09:22:00+00:00,208.0,2890.0,-300.0,-7008.0,-358.33778222273514,-799.7270353680791
2026-03-07 09:23:00+00:00,667.0,2687.0,459.0,-203.0,-72.21893815278405,-814.3419465117648
2026-03-07 09:24:00+00:00,791.0,1250.0,124.0,-1437.0,64.74224773782873,-1866.3143327529742
2026-03-07 09:25:00+00:00,759.0,2218.0,-32.0,968.0,6.594802057334285,-1153.5990118126178
2026-03-07 09:26:00+00:00,61.0,6501.0,-698.0,4283.0,-448.5890882175957,2154.0252504449336
2026-03-07 09:27:00+00:00,361.0,1116.0,300.0,-5385.0,-240.51425942189468,-2014.6323870526587
2026-03-07 09:28:00+00:00,352.0,1226.0,-9.0,110.0,-248.36897022018476,-1942.6544049613015
2026-03-07 09:29:00+00:00,558.0,2709.0,206.0,1483.0,-144.35548389822003,-829.5215041837912
2026-03-07 09:30:00+00:00,1382.0,2936.0,824.0,227.0,444.4988745726558,-386.5900713129392
2026-03-07 09:31:00+00:00,623.0,8728.0,-759.0,5792.0,-275.06821847121216,4909.665288589474
2026-03-07 09:32:00+00:00,484.0,3442.0,-139.0,-5286.0,-207.7877815893498,-275.2993943327398
2026-03-07 09:33:00+00:00,343.0,2885.0,-141.0,-557.0,-280.62979542305845,-760.6522075704869
2026-03-07 09:34:00+00:00,299.0,1085.0,-44.0,-1800.0,-281.5373101473032,-2042.528295148729
2026-03-07 09:35:00+00:00,545.0,1975.0,246.0,890.0,-134.2506235068374,-1385.0258321737394
2026-03-07 09:36:00+00:00,681.0,7391.0,136.0,5416.0,-210.6498910011124,3509.936616154948
2026-03-07 09:37:00+00:00,184.0,3062.0,-497.0,-4329.0,-373.18988414502644,-678.7649810034875
2026-03-07 09:38:00+00:00,682.0,3859.0,498.0,797.0,-99.0509349142825,150.00086480977018
2026-03-07 09:39:00+00:00,395.0,1297.0,-287.0,-2562.0,-220.73233699072745,-1888.9926341928772
2026-03-07 09:40:00+00:00,1694.0,2465.0,1299.0,1168.0,744.4638956951752,-708.8843259799902
2026-03-07 09:41:00+00:00,438.0,9167.0,-1256.0,6702.0,-350.59581095356435,5220.3184632884695
2026-03-07 09:42:00+00:00,178.0,3190.0,-260.0,-5977.0,-377.52221069416737,-584.0962741333097
2026-03-07 09:43:00+00:00,1170.0,3691.0,992.0,501.0,236.83492078441745,205.59429789100275
2026-03-07 09:44:00+00:00,1828.0,2516.0,658.0,-1175.0,862.4972799866114,-626.6391224748631
2026-03-07 09:45:00+00:00,961.0,5215.0,-867.0,2699.0,21.423061892382172,1517.0511690387757
2026-03-07 09:46:00+00:00,662.0,7851.0,-299.0,2636.0,-233.29249775473556,3982.904713526438
2026-03-07 09:47:00+00:00,80.0,2017.0,-582.0,-5834.0,-425.1122580008193,-1457.3496740584126
2026-03-07 09:48:00+00:00,558.0,3691.0,478.0,1674.0,-169.63850821566598,-42.64462206353904
2026-03-07 09:49:00+00:00,710.0,965.0,152.0,-2726.0,13.127839440772567,-2076.9824661439297
2026-03-07 09:50:00+00:00,1850.0,3737.0,1140.0,2772.0,778.6733403207434,526.1380971357423
2026-03-07 09:51:00+00:00,631.0,6900.0,-1219.0,3163.0,-218.79867497852572,2962.833705862147
2026-03-07 09:52:00+00:00,667.0,4917.0,36.0,-1983.0,-140.84894348170158,1074.8830880168398
2026-03-07 09:53:00+00:00,566.0,1441.0,-101.0,-3476.0,-106.08275726325694,-1763.9564622140956
2026-03-07 09:54:00+00:00,927.0,3868.0,361.0,2427.0,58.263541517961826,261.81380094815876
2026-03-07 09:55:00+00:00,1587.0,2944.0,660.0,-924.0,614.4664416780903,-313.2491104167761
2026-03-07 09:56:00+00:00,1101.0,10443.0,-486.0,7499.0,-156.01421733434643,7461.527505844452
2026-03-07 09:57:00+00:00,271.0,3251.0,-830.0,-7192.0,-327.11094645835834,-504.4681540874942
2026-03-07 09:58:00+00:00,523.0,3067.0,252.0,-184.0,-175.40029960416337,-560.7438093773502
2026-03-07 09:59:00+00:00,530.0,1335.0,7.0,-1732.0,-128.70054751109885,-1843.4506278781764
2026-03-07 10:00:00+00:00,1184.0,2143.0,654.0,808.0,331.6402840406005,-1110.9576667603872
2026-03-07 10:01:00+00:00,1067.0,11590.0,-117.0,9447.0,-226.07560283314075,8910.737462303561
2026-03-07 10:02:00+00:00,363.0,4532.0,-704.0,-7058.0,-296.3781514316683,577.3078832173871
2026-03-07 10:03:00+00:00,880.0,4012.0,517.0,-520.0,21.186544161803244,368.32024543294324
2026-03-07 10:04:00+00:00,1231.0,1420.0,351.0,-2592.0,410.738533960754,-1674.9362333793545
2026-03-07 10:05:00+00:00,1055.0,2610.0,-176.0,1190.0,206.9528829397222,-763.2849957627659
2026-03-07 10:06:00+00:00,594.0,10931.0,-461.0,8321.0,-346.38039964969715,7478.437684653565
2026-03-07 10:07:00+00:00,144.0,2594.0,-450.0,-8337.0,-391.80839327151267,-1036.135266658538
2026-03-07 10:08:00+00:00,495.0,3361.0,351.0,767.0,-199.38821608447125,-336.4024181537084
2026-03-07 10:09:00+00:00,634.0,1475.0,139.0,-1886.0,-58.700847112248596,-1728.9959717491126
2026-03-07 10:10:00+00:00,1417.0,2209.0,783.0,734.0,520.5124316978729,-1000.7759327551853
2026-03-07 10:11:00+00:00,625.0,7624.0,-792.0,5415.0,-242.47052648281633,3709.400385744748
2026-03-07 10:12:00+00:00,558.0,6630.0,-67.0,-994.0,-245.3073559437452,2636.9137867327054
2026-03-07 10:13:00+00:00,514.0,4361.0,-44.0,-2269.0,-211.65953789007824,504.3107728351695
2026-03-07 10:14:00+00:00,1180.0,2011.0,666.0,-2350.0,335.6121927363131,-1218.3447392190167
2026-03-07 10:15:00+00:00,2062.0,2563.0,882.0,552.0,1080.3306441636194,-518.2588286244834
2026-03-07 10:16:00+00:00,252.0,7720.0,-1810.0,5157.0,-389.6260145863491,3494.7661745543073
2026-03-07 10:17:00+00:00,177.0,1884.0,-75.0,-5836.0,-367.3964420881014,-1527.4930678491005
2026-03-07 10:18:00+00:00,317.0,2134.0,140.0,250.0,-284.9056108625719,-1321.5740760768856
2026-03-07 10:19:00+00:00,387.0,804.0,70.0,-1330.0,-217.31536066847863,-2216.2222289058886
2026-03-07 10:20:00+00:00,969.0,1589.0,582.0,785.0,188.4664018780103,-1588.9075573814723
2026-03-07 10:21:00+00:00,452.0,6284.0,-517.0,4695.0,-285.96510736942497,2222.9896269435326
2026-03-07 10:22:00+00:00,146.0,1519.0,-306.0,-4765.0,-383.4451785461669,-1779.0532079030784
2026-03-07 10:23:00+00:00,466.0,2538.0,320.0,1019.0,-199.01193514982225,-986.6511308062966
2026-03-07 10:24:00+00:00,1891.0,1654.0,1425.0,-884.0,996.4055624926775,-1372.0790605849481
2026-03-07 10:25:00+00:00,952.0,2031.0,-939.0,377.0,155.75993179111745,-1253.1682277820616
2026-03-07 10:26:00+00:00,331.0,9326.0,-621.0,7295.0,-386.06148673120816,5290.117118124787
2026-03-07 10:27:00+00:00,110.0,1650.0,-221.0,-7676.0,-405.9505950932984,-1698.4617741862548
2026-03-07 10:28:00+00:00,147.0,404.0,37.0,-1246.0,-375.27185626371136,-2481.393523980067
2026-03-07 10:29:00+00:00,372.0,2185.0,225.0,1781.0,-251.42270981879886,-1271.8408350774887
2026-03-07 10:30:00+00:00,722.0,1563.0,350.0,-622.0,2.305216007155824,-1650.9632751614222
2026-03-07 10:31:00+00:00,249.0,6378.0,-473.0,4815.0,-375.24819791328906,2171.5103306110195
2026-03-07 10:32:00+00:00,234.0,1020.0,-15.0,-5358.0,-323.5004626379547,-2092.1865250282226
2026-03-07 10:33:00+00:00,207.0,2343.0,-27.0,1323.0,-353.67378473369257,-1199.2791927507274
2026-03-07 10:34:00+00:00,324.0,661.0,117.0,-1682.0,-258.5480388022419,-2312.8229972500926
2026-03-07 10:35:00+00:00,1144.0,2485.0,820.0,1824.0,281.59261451873044,-841.376003079621
2026-03-07 10:36:00+00:00,533.0,12261.0,-611.0,9776.0,-395.2981715980351,9096.194727279795
2026-03-07 10:37:00+00:00,478.0,3342.0,-55.0,-8919.0,-209.14381829156383,-357.90123435066323
2026-03-07 10:38:00+00:00,773.0,3793.0,295.0,451.0,-39.62430295692485,131.819947826809
2026-03-07 10:39:00+00:00,1782.0,1450.0,1009.0,-2343.0,907.8254947850826,-1563.8609497075709
2026-03-07 10:40:00+00:00,979.0,1909.0,-803.0,459.0,181.85877508082578,-1342.092921317025
2026-03-07 10:41:00+00:00,461.0,11013.0,-518.0,9104.0,-382.4399176769953,7419.399480116769
2026-03-07 10:42:00+00:00,162.0,2186.0,-299.0,-8827.0,-378.6348142242679,-1321.5651052563987
2026-03-07 10:43:00+00:00,918.0,3517.0,756.0,1331.0,67.11401115868374,-46.89113425051035
2026-03-07 10:44:00+00:00,1079.0,1270.0,161.0,-2247.0,291.8469125966142,-1811.7667436585666
2026-03-07 10:45:00+00:00,388.0,2021.0,-691.0,751.0,-238.40749538201374,-1386.2151023206623
2026-03-07 10:46:00+00:00,924.0,12415.0,536.0,10394.0,-308.1361574183099,9831.889810621447
2026-03-07 10:47:00+00:00,100.0,3133.0,-824.0,-9282.0,-418.7503335672973,-654.1217425460158
2026-03-07 10:48:00+00:00,1055.0,4031.0,955.0,898.0,137.78095614154734,462.6184752027508
2026-03-07 10:49:00+00:00,140.0,577.0,-915.0,-3454.0,-381.019528216739,-2377.4279962451715
2026-03-07 10:50:00+00:00,1547.0,2431.0,1407.0,1854.0,617.1130807172642,-778.2044086014056
2026-03-07 10:51:00+00:00,460.0,7331.0,-1087.0,4900.0,-304.53051274331233,3268.940549453066
2026-03-07 10:52:00+00:00,280.0,480.0,-180.0,-6851.0,-286.2860234536782,-2428.7177874798867
2026-03-07 10:53:00+00:00,266.0,1404.0,-14.0,924.0,-307.2263315689605,-1836.2201757636174
2026-03-07 10:54:00+00:00,317.0,1605.0,51.0,201.0,-277.16815348120286,-1691.8084883532968
2026-03-07 10:55:00+00:00,641.0,1039.0,324.0,-566.0,-40.780451897039974,-2033.4898724322104
2026-03-07 10:56:00+00:00,350.0,4133.0,-291.0,3094.0,-296.6507032634106,234.78365299196403
2026-03-07 10:57:00+00:00,66.0,1008.0,-284.0,-3125.0,-430.0464237229707,-2118.507262740668
2026-03-07 10:58:00+00:00,410.0,2013.0,344.0,1005.0,-224.141217558202,-1387.0762228099045
2026-03-07 10:59:00+00:00,1045.0,1600.0,635.0,-413.0,248.11293125869264,-1567.2280189306002
2026-03-07 11:00:00+00:00,716.0,1939.0,-329.0,339.0,-14.504310027682292,-1374.8633225685064
2026-03-07 11:01:00+00:00,60.0,5630.0,-656.0,3691.0,-446.54012506056574,1362.4681118336216
2026-03-07 11:02:00+00:00,236.0,3855.0,176.0,-1775.0,-353.066032916244,-42.351100291688205
2026-03-07 11:03:00+00:00,460.0,2256.0,224.0,-1599.0,-196.81525774276912,-1198.4997804337404
2026-03-07 11:04:00+00:00,790.0,889.0,330.0,-1367.0,77.14003632076636,-2121.6051652843203
2026-03-07 11:05:00+00:00,597.0,2058.0,-193.0,1169.0,-101.14749267684097,-1312.408843361917
2026-03-07 11:06:00+00:00,264.0,8292.0,-333.0,6234.0,-392.4125812231597,4099.64780162092
2026-03-07 11:07:00+00:00,102.0,1487.0,-162.0,-6805.0,-409.950844285271,-1807.3774773759314
2026-03-07 11:08:00+00:00,703.0,2506.0,601.0,1019.0,-42.150765065926166,-945.4786666402075
2026-03-07 11:09:00+00:00,30.0,601.0,-673.0,-1905.0,-451.55526054619605,-2370.0938670374653
2026-03-07 11:10:00+00:00,1071.0,2788.0,1041.0,2187.0,210.263793282968,-611.0524054277415
2026-03-07 11:11:00+00:00,970.0,12945.0,-101.0,10157.0,-319.00342066170305,10626.331851872577
2026-03-07 11:12:00+00:00,531.0,3008.0,-439.0,-9937.0,-168.9887406113292,-604.6090917318512
2026-03-07 11:13:00+00:00,628.0,2593.0,97.0,-415.0,-95.39531340186821,-898.9384864942521
2026-03-07 11:14:00+00:00,640.0,1177.0,12.0,-1416.0,-45.594236744386706,-1938.0417185574665
2026-03-07 11:15:00+00:00,1106.0,2191.0,466.0,1014.0,267.11759708236804,-1090.7666336588009
2026-03-07 11:16:00+00:00,542.0,8647.0,-564.0,6456.0,-303.1294270505675,4742.175219724581
2026-03-07 11:17:00+00:00,205.0,1968.0,-337.0,-6679.0,-351.2974756776018,-1463.6729161098135
2026-03-07 11:18:00+00:00,507.0,1894.0,302.0,-74.0,-157.8508693760783,-1451.9511611790156
2026-03-07 11:19:00+00:00,1213.0,1410.0,706.0,-484.0,396.0761783077873,-1685.47254311716
2026-03-07 11:20:00+00:00,1341.0,2629.0,128.0,1219.0,430.46429207567127,-665.0150717336537
2026-03-07 11:21:00+00:00,101.0,10322.0,-1240.0,7693.0,-451.72620541796766,6174.07215605984
2026-03-07 11:22:00+00:00,419.0,2688.0,318.0,-7634.0,-231.38342960072723,-886.815583512533
2026-03-07 11:23:00+00:00,811.0,2823.0,392.0,135.0,21.146572896221954,-662.4715245882122
2026-03-07 11:24:00+00:00,379.0,1100.0,-432.0,-1723.0,-228.04610058924825,-2023.0456073131877
2026-03-07 11:25:00+00:00,978.0,1416.0,599.0,316.0,203.33472533528973,-1717.4051323632161
2026-03-07 11:26:00+00:00,125.0,2215.0,-853.0,799.0,-400.2334697373911,-1310.2283871869279
2026-03-07 11:27:00+00:00,88.0,1806.0,-37.0,-409.0,-419.6613178470569,-1598.4394366854858
2026-03-07 11:28:00+00:00,212.0,1173.0,124.0,-633.0,-339.29844194782896,-1995.9984134864337
2026-03-07 11:29:00+00:00,250.0,741.0,38.0,-432.0,-309.816023798979,-2268.0625261692935
2026-03-07 11:30:00+00:00,468.0,549.0,218.0,-192.0,-154.79724725694408,-2374.6305737041375
2026-03-07 11:31:00+00:00,188.0,2585.0,-280.0,2036.0,-366.86052062724485,-1030.1286728803173
2026-03-07 11:32:00+00:00,97.0,1494.0,-91.0,-1091.0,-412.9924286997473,-1803.6140738672161
2026-03-07 11:33:00+00:00,345.0,1585.0,248.0,91.0,-258.75585710324924,-1700.619686493012
2026-03-07 11:34:00+00:00,396.0,1074.0,51.0,-511.0,-215.9835081079327,-2038.2671637755973
2026-03-07 11:35:00+00:00,348.0,1029.0,-48.0,-45.0,-247.87683538730303,-2073.506841705048
2026-03-07 11:36:00+00:00,111.0,1912.0,-237.0,883.0,-406.69556920366745,-1522.1501345296833
2026-03-07 11:37:00+00:00,90.0,1244.0,-21.0,-668.0,-416.1573613345408,-1966.4482525111978
2026-03-07 11:38:00+00:00,75.0,985.0,-15.0,-259.0,-424.4053865470659,-2131.8648408496147
2026-03-07 11:39:00+00:00,153.0,510.0,78.0,-475.0,-372.04311097124037,-2417.2838729405335
2026-03-07 11:40:00+00:00,239.0,951.0,86.0,441.0,-319.4747844446543,-2135.8904888313036
2026-03-07 11:41:00+00:00,70.0,3340.0,-169.0,2389.0,-435.10880657593185,-509.2570333632364
2026-03-07 11:42:00+00:00,105.0,609.0,35.0,-2731.0,-403.88841711703174,-2360.2975414098055
2026-03-07 11:43:00+00:00,134.0,1165.0,29.0,556.0,-388.56748530169676,-2011.1755454113652
2026-03-07 11:44:00+00:00,130.0,579.0,-4.0,-586.0,-387.5479827404247,-2376.8489198794146
2026-03-07 11:45:00+00:00,500.0,1529.0,370.0,950.0,-154.11908720463583,-1712.955024020944
2026-03-07 11:46:00+00:00,680.0,9533.0,180.0,8004.0,-278.3105905795774,5889.072878768845
2026-03-07 11:47:00+00:00,174.0,3347.0,-506.0,-6186.0,-380.94214293351683,-465.7139315875829
2026-03-07 11:48:00+00:00,1020.0,3117.0,846.0,-230.0,156.79876781936997,-350.93291566427246
2026-03-07 11:49:00+00:00,694.0,1115.0,-326.0,-2002.0,-3.759215870667408,-1974.4914971198973
2026-03-07 11:50:00+00:00,520.0,6951.0,-174.0,5836.0,-270.4482894845673,2930.0208384300167
2026-03-07 11:51:00+00:00,341.0,6854.0,-179.0,-97.0,-344.25685306975765,2697.645902567101
2026-03-07 11:52:00+00:00,394.0,1120.0,53.0,-5734.0,-218.188612683222,-2007.921166966881
2026-03-07 11:53:00+00:00,368.0,2932.0,-26.0,1812.0,-266.617806734684,-716.8180102241149
2026-03-07 11:54:00+00:00,633.0,1356.0,265.0,-1576.0,-55.94224223895421,-1813.5327801873948
2026-03-07 11:55:00+00:00,987.0,2536.0,354.0,1180.0,159.47985539605827,-842.9605758244489
2026-03-07 11:56:00+00:00,310.0,9890.0,-677.0,7354.0,-400.1706227676257,5908.720222508624
2026-03-07 11:57:00+00:00,531.0,2946.0,221.0,-6944.0,-167.46969943543377,-653.3270038085429
2026-03-07 11:58:00+00:00,674.0,2926.0,143.0,-20.0,-74.9683013653942,-623.0146005878577
2026-03-07 11:59:00+00:00,1215.0,5113.0,541.0,2187.0,190.17171397665422,1562.2375484303577
2026-03-07 12:00:00+00:00,2444.0,2939.0,1229.0,-2174.0,1425.2208579812814,-40.955401813014774
2026-03-07 12:01:00+00:00,864.0,9501.0,-1580.0,6562.0,-208.0523218069871,6043.73169666271
2026-03-07 12:02:00+00:00,151.0,5106.0,-713.0,-4395.0,-405.38126990435205,958.3392334028439
2026-03-07 12:03:00+00:00,759.0,3572.0,608.0,-1534.0,-40.82325729177179,-61.990644510880635
2026-03-07 12:04:00+00:00,1260.0,1226.0,501.0,-2346.0,446.6875747228257,-1820.3194054992837
2026-03-07 12:05:00+00:00,952.0,2282.0,-308.0,1056.0,144.73454065259105,-1055.9264251369557
2026-03-07 12:06:00+00:00,216.0,13155.0,-736.0,10873.0,-456.15121375893415,9830.594883207259
2026-03-07 12:07:00+00:00,283.0,2053.0,67.0,-11102.0,-304.7633921525453,-1386.9568141610168
2026-03-07 12:08:00+00:00,640.0,4191.0,357.0,2138.0,-134.59762859953682,416.6401899527644
2026-03-07 12:09:00+00:00,2213.0,1614.0,1573.0,-2577.0,1326.5865493293986,-1349.3496103587104
2026-03-07 12:10:00+00:00,1672.0,4056.0,-541.0,2442.0,602.0057112630091,760.219878421359
2026-03-07 12:11:00+00:00,689.0,15060.0,-983.0,11004.0,-450.81338347071477,13238.64781894945
2026-03-07 12:12:00+00:00,58.0,2011.0,-631.0,-13049.0,-437.6595430510345,-1466.3034291997992
2026-03-07 12:13:00+00:00,720.0,3047.0,662.0,1036.0,-48.45853900081575,-510.5668740946719
2026-03-07 12:14:00+00:00,828.0,1532.0,108.0,-1515.0,82.27816457602394,-1655.6309967894333
2026-03-07 12:15:00+00:00,1516.0,2016.0,688.0,484.0,619.3164535470888,-1139.8909815387956
2026-03-07 12:16:00+00:00,481.0,9340.0,-1035.0,7324.0,-340.46757579159225,5459.783860172269
2026-03-07 12:17:00+00:00,317.0,2174.0,-164.0,-7166.0,-285.490673802562,-1292.938062260255
2026-03-07 12:18:00+00:00,453.0,1239.0,136.0,-935.0,-180.0596939941294,-1920.2203997002016
2026-03-07 12:19:00+00:00,782.0,2690.0,329.0,1451.0,5.942474262655336,-777.9927981626782
2026-03-07 12:20:00+00:00,1313.0,1972.0,531.0,-718.0,447.520319481868,-1220.7840150296904
2026-03-07 12:21:00+00:00,672.0,12857.0,-641.0,10885.0,-384.21084114157964,10082.702783103348
2026-03-07 12:22:00+00:00,429.0,2782.0,-243.0,-10075.0,-227.08240405745508,-812.3339242048858
2026-03-07 12:23:00+00:00,501.0,2187.0,72.0,-595.0,-168.64367017104885,-1239.3896860149928
2026-03-07 12:24:00+00:00,633.0,645.0,132.0,-1542.0,-35.1760606963072,-2301.034575854439
2026-03-07 12:25:00+00:00,177.0,970.0,-456.0,325.0,-359.9319064173034,-2130.3375202350067
2026-03-07 12:26:00+00:00,225.0,3370.0,48.0,2400.0,-353.7604030029041,-429.161778417962
2026-03-07 12:27:00+00:00,126.0,819.0,-99.0,-2551.0,-391.5434890889116,-2229.9934246989487
2026-03-07 12:28:00+00:00,273.0,1149.0,147.0,330.0,-299.51809808019794,-2003.8583942538676
2026-03-07 12:29:00+00:00,434.0,551.0,161.0,-598.0,-179.33937824564492,-2375.40503030345
2026-03-07 12:30:00+00:00,246.0,907.0,-188.0,356.0,-314.3733901638013,-2163.2793374118605
2026-03-07 12:31:00+00:00,199.0,5281.0,-47.0,4374.0,-385.3283051121245,1138.2459309233752
2026-03-07 12:32:00+00:00,51.0,1638.0,-148.0,-3643.0,-440.75942594800944,-1717.055281546912
2026-03-07 12:33:00+00:00,514.0,3677.0,463.0,2039.0,-195.43760664481331,-72.02402896534792
2026-03-07 12:34:00+00:00,687.0,1762.0,173.0,-1915.0,-29.48918294061672,-1511.9283785732325
2026-03-07 12:35:00+00:00,1367.0,1995.0,680.0,233.0,491.7257535549814,-1190.1828373462781
2026-03-07 12:36:00+00:00,402.0,10062.0,-965.0,8067.0,-378.58595514632384,6209.230310300425
2026-03-07 12:37:00+00:00,255.0,1910.0,-147.0,-8152.0,-320.2240273163849,-1493.284009837713
2026-03-07 12:38:00+00:00,455.0,2862.0,200.0,952.0,-212.75400935835162,-742.8898219848159
2026-03-07 12:39:00+00:00,458.0,904.0,3.0,-1958.0,-169.53145680317425,-2144.131681576511
2026-03-07 12:40:00+00:00,795.0,2094.0,337.0,1190.0,36.829172139665665,-1240.1234419755056
2026-03-07 12:41:00+00:00,572.0,8671.0,-223.0,6577.0,-292.6713594528639,4797.330396505233
2026-03-07 12:42:00+00:00,55.0,2252.0,-517.0,-6419.0,-439.977114962506,-1301.6787906136867
2026-03-07 12:43:00+00:00,477.0,2830.0,422.0,578.0,-198.47263092453886,-760.6891687612122
2026-03-07 12:44:00+00:00,763.0,901.0,286.0,-1929.0,55.8004305843298,-2115.9149471872024
2026-03-07 12:45:00+00:00,1886.0,3480.0,1123.0,2579.0,832.6164270883519,291.56857510498514
2026-03-07 12:46:00+00:00,1076.0,14798.0,-810.0,11318.0,-382.24659935247007,13481.194610697552
2026-03-07 12:47:00+00:00,142.0,2192.0,-934.0,-12606.0,-390.29509147831146,-1322.1778342182236
2026-03-07 12:48:00+00:00,984.0,2181.0,842.0,-11.0,173.36719523338525,-1128.0515693443178
2026-03-07 12:49:00+00:00,759.0,1056.0,-225.0,-1125.0,47.2888825327119,-2008.0800775240712
2026-03-07 12:50:00+00:00,794.0,1602.0,35.0,546.0,54.13094278013423,-1609.887147709697
2026-03-07 12:51:00+00:00,360.0,10298.0,-434.0,8696.0,-393.7080655370942,6439.542634391206
2026-03-07 12:52:00+00:00,34.0,1230.0,-326.0,-9068.0,-450.028152303603,-1982.9680256279448
2026-03-07 12:53:00+00:00,97.0,656.0,63.0,-574.0,-409.2418430420158,-2332.3497298866137
2026-03-07 12:54:00+00:00,820.0,2067.0,723.0,1411.0,55.99452882559324,-1255.080490616972
2026-03-07 12:55:00+00:00,1049.0,1673.0,229.0,-394.0,247.77908204584858,-1510.5194699703898
2026-03-07 12:56:00+00:00,311.0,5997.0,-738.0,4324.0,-344.04758050925506,1855.902115992354
2026-03-07 12:57:00+00:00,517.0,5329.0,206.0,-668.0,-233.0751362096693,1366.7346523130957
2026-03-07 12:58:00+00:00,487.0,1825.0,-30.0,-3504.0,-169.66934815801963,-1505.655588996409
2026-03-07 12:59:00+00:00,544.0,859.0,57.0,-966.0,-106.91336224475774,-2165.7008743470947
2026-03-07 13:00:00+00:00,508.0,657.0,-36.0,-202.0,-128.18559735735622,-2302.0679761065476
2026-03-07 13:01:00+00:00,83.0,2392.0,-425.0,1735.0,-424.8271660940531,-1196.7986373519484
2026-03-07 13:02:00+00:00,25.0,506.0,-58.0,-1886.0,-454.5831945226081,-2426.8221646047073
2026-03-07 13:03:00+00:00,135.0,422.0,110.0,-84.0,-383.31494339578825,-2471.1651957204267
2026-03-07 13:04:00+00:00,178.0,785.0,43.0,363.0,-357.7698767840442,-2246.5453804933722
2026-03-07 13:05:00+00:00,295.0,732.0,117.0,-53.0,-279.38413500034665,-2270.100890999318
2026-03-07 13:06:00+00:00,137.0,2981.0,-158.0,2249.0,-398.17303327759413,-754.9237376181464
2026-03-07 13:07:00+00:00,112.0,632.0,-25.0,-2349.0,-399.49583873621094,-2345.8681000592933
2026-03-07 13:08:00+00:00,318.0,3051.0,206.0,2419.0,-297.7415791826311,-642.1098240430058
2026-03-07 13:09:00+00:00,802.0,810.0,484.0,-2241.0,89.41006175400645,-2175.3949819998984
2026-03-07 13:10:00+00:00,687.0,4222.0,-115.0,3412.0,-107.46773734456532,465.3239869097258
2026-03-07 13:11:00+00:00,243.0,7763.0,-444.0,3541.0,-393.22366459095343,3531.097436999733
2026-03-07 13:12:00+00:00,79.0,2681.0,-164.0,-5082.0,-428.1059207739357,-992.2873860977767
2026-03-07 13:13:00+00:00,576.0,2768.0,497.0,87.0,-134.29837190194564,-778.3030557880785
2026-03-07 13:14:00+00:00,371.0,508.0,-205.0,-2260.0,-223.34367299779387,-2406.3242076239785
2026-03-07 13:15:00+00:00,1008.0,2416.0,637.0,1908.0,180.72850890974192,-934.3048960479914
2026-03-07 13:16:00+00:00,232.0,8267.0,-776.0,5851.0,-402.3812648935421,4044.198677698008
2026-03-07 13:17:00+00:00,352.0,4165.0,120.0,-4102.0,-296.1027236257114,262.3196883532269
2026-03-07 13:18:00+00:00,531.0,3276.0,179.0,-889.0,-175.55491859745786,-391.5313170467177
2026-03-07 13:19:00+00:00,541.0,1254.0,10.0,-2022.0,-118.95123672409619,-1897.8973937167352
2026-03-07 13:20:00+00:00,798.0,2196.0,257.0,942.0,35.24369628421615,-1161.071333187284
2026-03-07 13:21:00+00:00,265.0,12039.0,-533.0,9843.0,-437.9047111022294,8452.436697789932
2026-03-07 13:22:00+00:00,315.0,2611.0,50.0,-9428.0,-293.07564648489205,-974.7930820042137
2026-03-07 13:23:00+00:00,660.0,535.0,345.0,-2076.0,-11.357249932063686,-2372.326039904054
2026-03-07 13:24:00+00:00,871.0,2857.0,211.0,2322.0,61.73780100720444,-616.1333701153782
2026-03-07 13:25:00+00:00,484.0,1894.0,-387.0,-963.0,-173.21775977115877,-1456.7383682836755
2026-03-07 13:26:00+00:00,245.0,6691.0,-239.0,4797.0,-380.4184234269658,2467.533317351859
2026-03-07 13:27:00+00:00,420.0,5360.0,175.0,-1331.0,-282.5490632955866,1338.043568334323
2026-03-07 13:28:00+00:00,489.0,2669.0,69.0,-2691.0,-187.37291174402026,-880.6604509163212
2026-03-07 13:29:00+00:00,1589.0,977.0,1100.0,-1692.0,760.3893788743736,-1974.2977932678332
2026-03-07 13:30:00+00:00,615.0,2375.0,-974.0,1398.0,-97.82658236591233,-1069.9003299874328
2026-03-07 13:31:00+00:00,659.0,11723.0,44.0,9348.0,-352.31295957110234,8562.477164211188
2026-03-07 13:32:00+00:00,91.0,1936.0,-568.0,-9787.0,-418.4515931948547,-1510.0778539680346
2026-03-07 13:33:00+00:00,1000.0,3936.0,909.0,2000.0,104.57077784858492,353.3240454336859
2026-03-07 13:34:00+00:00,398.0,744.0,-602.0,-3192.0,-208.55369107434268,-2254.074760136347
2026-03-07 13:35:00+00:00,1071.0,2403.0,673.0,1659.0,229.2891818760924,-928.1491022240983
2026-03-07 13:36:00+00:00,398.0,13497.0,-673.0,11094.0,-442.7493104852345,10556.792787921457
2026-03-07 13:37:00+00:00,434.0,3133.0,36.0,-10364.0,-231.0439925829971,-539.1261309379039
2026-03-07 13:38:00+00:00,347.0,924.0,-87.0,-2209.0,-246.87202646700024,-2142.1718009422493
2026-03-07 13:39:00+00:00,1324.0,3396.0,977.0,2472.0,369.77756836976624,1.135785052378302
2026-03-07 13:40:00+00:00,982.0,2618.0,-342.0,-778.0,152.04800328645092,-777.7040063397748
2026-03-07 13:41:00+00:00,1008.0,11456.0,26.0,8838.0,-239.7194981352568,8658.772181251255
2026-03-07 13:42:00+00:00,219.0,2556.0,-789.0,-8900.0,-348.7836042585075,-1042.4514154287006
2026-03-07 13:43:00+00:00,853.0,3478.0,634.0,922.0,24.65647014084599,-105.18202497173769
2026-03-07 13:44:00+00:00,639.0,867.0,-214.0,-2611.0,-37.18630768261564,-2151.3043955140092
2026-03-07 13:45:00+00:00,1374.0,2313.0,735.0,1446.0,477.522152635056,-924.053589565552
2026-03-07 13:46:00+00:00,681.0,11412.0,-693.0,9099.0,-336.99677062554696,8190.838434228572
2026-03-07 13:47:00+00:00,116.0,2310.0,-565.0,-9102.0,-405.8985833336585,-1245.9264562538763
2026-03-07 13:48:00+00:00,1112.0,3647.0,996.0,1337.0,197.12791381552,142.97008270205754
2026-03-07 13:49:00+00:00,1062.0,1118.0,-50.0,-2529.0,285.35295546622234,-1927.1817427336307
2026-03-07 13:50:00+00:00,460.0,2330.0,-602.0,1212.0,-198.3858841211022,-1143.7809012777232
2026-03-07 13:51:00+00:00,718.0,14175.0,258.0,11845.0,-418.4432198285674,11992.800667216165
2026-03-07 13:52:00+00:00,87.0,1664.0,-631.0,-12511.0,-419.67605754874177,-1693.3554158541367
2026-03-07 13:53:00+00:00,970.0,2997.0,883.0,1333.0,126.23316791959546,-468.68258244421605
2026-03-07 13:54:00+00:00,1494.0,1352.0,524.0,-1645.0,645.7548638883262,-1688.4303958750793
2026-03-07 13:55:00+00:00,419.0,1826.0,-1075.0,474.0,-214.71845621431206,-1518.5848407842168
2026-03-07 13:56:00+00:00,254.0,3971.0,-165.0,2145.0,-344.9941065520414,59.008468855471534
2026-03-07 13:57:00+00:00,258.0,3635.0,4.0,-336.0,-338.91038072362085,-208.81734472767306
2026-03-07 13:58:00+00:00,378.0,1230.0,120.0,-2405.0,-230.99314102543227,-1936.469630923299
2026-03-07 13:59:00+00:00,552.0,2003.0,174.0,773.0,-130.23355785092954,-1362.998452586092
2026-03-07 14:00:00+00:00,773.0,1330.0,221.0,-673.0,48.22275906075739,-1811.3991372518694
2026-03-07 14:01:00+00:00,205.0,6039.0,-568.0,4709.0,-389.8043527977467,1824.736078553
2026-03-07 14:02:00+00:00,268.0,1540.0,63.0,-4499.0,-307.62452024058956,-1744.5056935928483
2026-03-07 14:03:00+00:00,412.0,3048.0,144.0,1508.0,-242.52743968146046,-612.9231901338246
2026-03-07 14:04:00+00:00,475.0,665.0,63.0,-2383.0,-152.26429998642848,-2299.257221560806
2026-03-07 14:05:00+00:00,833.0,1895.0,358.0,1230.0,72.10927068885528,-1383.3397144680644
2026-03-07 14:06:00+00:00,226.0,5674.0,-607.0,3779.0,-377.24383621557894,1504.9015674736538
2026-03-07 14:07:00+00:00,330.0,5292.0,104.0,-382.0,-324.92803619916646,1224.1033044964677
2026-03-07 14:08:00+00:00,626.0,2630.0,296.0,-2662.0,-97.79212398116007,-870.8102316850096
2026-03-07 14:09:00+00:00,474.0,1257.0,-152.0,-1373.0,-165.9320570431603,-1905.0828384477452
2026-03-07 14:10:00+00:00,1292.0,2405.0,818.0,1148.0,404.12117858113476,-868.1141514221713
2026-03-07 14:11:00+00:00,655.0,13024.0,-637.0,10619.0,-392.62877317028153,10285.901723314948
2026-03-07 14:12:00+00:00,85.0,1842.0,-570.0,-11182.0,-421.55614769030404,-1574.8494015663628
2026-03-07 14:13:00+00:00,1046.0,3249.0,961.0,1407.0,169.32665849303862,-229.30269292703738
2026-03-07 14:14:00+00:00,1051.0,1060.0,5.0,-2189.0,279.1000494213994,-1971.254686006349
2026-03-07 14:15:00+00:00,899.0,5800.0,-152.0,4740.0,-40.53874768482945,2048.233785044487
2026-03-07 14:16:00+00:00,2.0,5668.0,-897.0,-132.0,-469.52395250734656,1359.9525319674904
2026-03-07 14:17:00+00:00,402.0,6908.0,400.0,1240.0,-320.0839060834715,2797.132289856222
2026-03-07 14:18:00+00:00,656.0,3242.0,254.0,-3666.0,-96.35598021510772,-374.25304403201716
2026-03-07 14:19:00+00:00,794.0,1608.0,138.0,-1634.0,53.91112891214423,-1605.462761715177
2026-03-07 14:20:00+00:00,1209.0,2617.0,415.0,1009.0,325.36979949290264,-713.2355091658001
2026-03-07 14:21:00+00:00,338.0,10831.0,-871.0,8214.0,-407.49778406960775,7049.941815329612
2026-03-07 14:22:00+00:00,462.0,3862.0,124.0,-6969.0,-229.7622383435698,59.1868239683363
2026-03-07 14:23:00+00:00,33.0,67.0,-429.0,-3795.0,-448.8570886232831,-2680.779724086148
2026-03-07 14:24:00+00:00,924.0,2678.0,891.0,2611.0,106.99036074696188,-745.7649438904768
2026-03-07 14:25:00+00:00,614.0,1371.0,-310.0,-1307.0,-70.05435729961866,-1805.80387669536
2026-03-07 14:26:00+00:00,629.0,4530.0,15.0,3159.0,-150.94741503127452,708.0184069189227
2026-03-07 14:27:00+00:00,409.0,3624.0,-220.0,-906.0,-255.18742668370405,-157.3984095879466
2026-03-07 14:28:00+00:00,720.0,2250.0,311.0,-1374.0,-21.981211123535086,-1138.634875619723
2026-03-07 14:29:00+00:00,0.0,0.0,-720.0,-2250.0,-470.3000140217641,-2718.6517585491965
2026-03-07 14:30:00+00:00,2151.0,4431.0,2151.0,4431.0,982.373361301842,1361.9008817692677
2026-03-07 14:31:00+00:00,661.0,13600.0,-1490.0,9169.0,-409.059759950892,11090.620972574032
2026-03-07 14:32:00+00:00,131.0,1595.0,-530.0,-12005.0,-393.0385241571604,-1731.257738721493
2026-03-07 14:33:00+00:00,1258.0,4066.0,1127.0,2471.0,280.1149960882556,584.95466751172
2026-03-07 14:34:00+00:00,1148.0,1179.0,-110.0,-2887.0,353.89165447749696,-1870.8297742554123
2026-03-07 14:35:00+00:00,882.0,2566.0,-266.0,1387.0,81.3389944447827,-848.2126380556
2026-03-07 14:36:00+00:00,419.0,13487.0,-463.0,10921.0,-440.15958690919274,10574.28367298048
2026-03-07 14:37:00+00:00,38.0,1308.0,-381.0,-12179.0,-447.7637030710399,-1932.8667177865989
2026-03-07 14:38:00+00:00,850.0,2882.0,812.0,1574.0,46.01733812345253,-602.3573341661937
2026-03-07 14:39:00+00:00,876.0,1733.0,26.0,-1149.0,110.69239926793463,-1497.210284358292
2026-03-07 14:40:00+00:00,1364.0,1063.0,488.0,-670.0,547.8322514480914,-1932.4857442986115
2026-03-07 14:41:00+00:00,1021.0,10954.0,-343.0,9891.0,-211.6746877812038,8021.002797886388
2026-03-07 14:42:00+00:00,656.0,8030.0,-365.0,-2924.0,-241.28031538681304,4170.882710269936
2026-03-07 14:43:00+00:00,927.0,4637.0,271.0,-3393.0,25.371607559747112,954.7849121335884
2026-03-07 14:44:00+00:00,1195.0,1625.0,268.0,-3012.0,369.06058133745796,-1521.3062422449566
2026-03-07 14:45:00+00:00,1942.0,2935.0,747.0,1310.0,931.7895522280651,-206.84507165459195
2026-03-07 14:46:00+00:00,259.0,16151.0,-1683.0,13216.0,-487.94480252602364,14127.68451897013
2026-03-07 14:47:00+00:00,295.0,2162.0,36.0,-13989.0,-298.8485515015157,-1306.7653322491667
2026-03-07 14:48:00+00:00,1084.0,1047.0,789.0,-1115.0,307.11299490471015,-1977.0072418278817
2026-03-07 14:49:00+00:00,1119.0,4718.0,35.0,3671.0,146.87139823306407,1129.263876246006
2026-03-07 14:50:00+00:00,1762.0,3163.0,643.0,-1555.0,749.3162656849142,-53.97755290798104
2026-03-07 14:51:00+00:00,197.0,13532.0,-1565.0,10369.0,-461.2236215816731,10305.651970779652
2026-03-07 14:52:00+00:00,310.0,1916.0,113.0,-11616.0,-286.1138022724264,-1477.5302926153245
2026-03-07 14:53:00+00:00,904.0,3475.0,594.0,1559.0,59.314072925358666,-88.25392014289011
2026-03-07 14:54:00+00:00,492.0,718.0,-412.0,-2757.0,-141.18902301140042,-2263.4187379244668
2026-03-07 14:55:00+00:00,843.0,1056.0,351.0,338.0,112.15815909336361,-1998.3320306251278
2026-03-07 14:56:00+00:00,445.0,5981.0,-398.0,4925.0,-282.9322195785277,1929.077258843913
2026-03-07 14:57:00+00:00,23.0,985.0,-422.0,-4996.0,-456.3537995710692,-2137.4936170284104
2026-03-07 14:58:00+00:00,326.0,136.0,303.0,-849.0,-249.27410789125395,-2637.1338460307156
2026-03-07 14:59:00+00:00,479.0,1492.0,153.0,1356.0,-167.65864503022115,-1742.2895729944291
2026-03-07 15:00:00+00:00,835.0,1414.0,356.0,-78.0,92.1221797094083,-1741.1197736991953
2026-03-07 15:01:00+00:00,258.0,3578.0,-577.0,2164.0,-338.23183690694145,-253.91733947011076
2026-03-07 15:02:00+00:00,290.0,3849.0,32.0,271.0,-324.48323054765774,-24.325877537332612
2026-03-07 15:03:00+00:00,558.0,739.0,268.0,-3110.0,-93.63495649967768,-2244.3070977054967
2026-03-07 15:04:00+00:00,561.0,2104.0,3.0,1365.0,-126.76242551705037,-1286.574948421016
2026-03-07 15:05:00+00:00,891.0,1422.0,330.0,-682.0,134.85841850817187,-1726.5177210510117
2026-03-07 15:06:00+00:00,340.0,7180.0,-551.0,5758.0,-349.7771335490026,3020.393610209767
2026-03-07 15:07:00+00:00,98.0,646.0,-242.0,-6534.0,-408.5566599636628,-2338.349416973278
2026-03-07 15:08:00+00:00,649.0,2670.0,551.0,2024.0,-83.7042816071277,-832.9498508247802
2026-03-07 15:09:00+00:00,992.0,719.0,343.0,-1951.0,246.36842713262854,-2223.2575283834203
2026-03-07 15:10:00+00:00,364.0,1033.0,-628.0,314.0,-237.0936868498953,-2069.066293452004
2026-03-07 15:11:00+00:00,205.0,7244.0,-159.0,6211.0,-401.2022370841075,2977.1360804708183
2026-03-07 15:12:00+00:00,289.0,1017.0,84.0,-6227.0,-287.2533198400839,-2087.9680660135136
2026-03-07 15:13:00+00:00,464.0,1480.0,175.0,463.0,-177.62470711451272,-1753.0821630071878
2026-03-07 15:14:00+00:00,593.0,2358.0,129.0,878.0,-112.08342417052093,-1088.531698497727
2026-03-07 15:15:00+00:00,783.0,2056.0,190.0,-302.0,29.5405837635732,-1271.8659928345662
2026-03-07 15:16:00+00:00,434.0,7791.0,-349.0,5735.0,-324.3205586493745,3723.3142390966
2026-03-07 15:17:00+00:00,67.0,2085.0,-367.0,-5706.0,-432.7588028482575,-1413.812680816571
2026-03-07 15:18:00+00:00,666.0,3151.0,599.0,1066.0,-87.14567177025265,-444.67070313823905
2026-03-07 15:19:00+00:00,434.0,697.0,-232.0,-2454.0,-182.2630318836207,-2281.5881430159684
2026-03-07 15:20:00+00:00,545.0,731.0,111.0,34.0,-102.9682124615308,-2250.6511039061356
2026-03-07 15:21:00+00:00,474.0,8077.0,-71.0,7346.0,-315.089885501141,4060.3525624884546
2026-03-07 15:22:00+00:00,260.0,3888.0,-214.0,-4189.0,-340.8712736242216,-5.573363150911324
2026-03-07 15:23:00+00:00,298.0,1309.0,38.0,-2579.0,-285.280528919175,-1894.8277397924974
2026-03-07 15:24:00+00:00,709.0,3229.0,411.0,1920.0,-61.69280670572231,-366.02899878111765
2026-03-07 15:25:00+00:00,922.0,1588.0,213.0,-1641.0,151.91364122931301,-1597.865313757864
2026-03-07 15:26:00+00:00,321.0,9403.0,-601.0,7815.0,-390.0908302793971,5366.298427392288
2026-03-07 15:27:00+00:00,132.0,1256.0,-189.0,-8147.0,-390.36989943888807,-1952.970674502394
2026-03-07 15:28:00+00:00,224.0,214.0,92.0,-1042.0,-321.6835282300488,-2592.3096096347936
2026-03-07 15:29:00+00:00,96.0,647.0,-128.0,433.0,-409.84172855722414,-2337.884695646489
2026-03-07 15:30:00+00:00,140.0,610.0,44.0,-37.0,-381.23269783683,-2357.345692665024
2026-03-07 15:31:00+00:00,142.0,1961.0,2.0,1351.0,-388.78158717566515,-1482.0999947590506
2026-03-07 15:32:00+00:00,53.0,1284.0,-89.0,-677.0,-438.7239246710968,-1946.0360798329532
2026-03-07 15:33:00+00:00,60.0,1036.0,7.0,-248.0,-433.8219272073425,-2101.702753039515
2026-03-07 15:34:00+00:00,434.0,1943.0,374.0,907.0,-207.21421293100286,-1432.0861573613831
2026-03-07 15:35:00+00:00,472.0,331.0,38.0,-1612.0,-147.1506801569564,-2513.1230688548803
2026-03-07 15:36:00+00:00,525.0,7326.0,53.0,6995.0,-277.3293316770985,3316.155691929243
2026-03-07 15:37:00+00:00,319.0,4539.0,-206.0,-2787.0,-319.06642115007696,561.3459181281761
2026-03-07 15:38:00+00:00,864.0,645.0,545.0,-3894.0,144.99643455115225,-2284.66090332887
2026-03-07 15:39:00+00:00,825.0,3836.0,-39.0,3191.0,-7.693171008073851,190.7009198954253
2026-03-07 15:40:00+00:00,1323.0,541.0,498.0,-3295.0,543.2820228025745,-2328.9334503261625
2026-03-07 15:41:00+00:00,802.0,13892.0,-521.0,13351.0,-394.6863334764578,11716.610902823371
2026-03-07 15:42:00+00:00,946.0,9760.0,144.0,-4132.0,-186.1571997061825,6441.7369529763455
2026-03-07 15:43:00+00:00,1039.0,1570.0,93.0,-8190.0,244.75837194594487,-1591.1788593028123
2026-03-07 15:44:00+00:00,1135.0,4069.0,96.0,2499.0,191.62951770345634,532.7353584888923
2026-03-07 15:45:00+00:00,1189.0,1702.0,54.0,-2367.0,359.8575791900407,-1462.0019463924455
2026-03-07 15:46:00+00:00,1394.0,11064.0,205.0,9362.0,-68.5586957087815,8616.643861990118
2026-03-07 15:47:00+00:00,339.0,11056.0,-1055.0,-8.0,-410.7950336697994,7324.143141503812
2026-03-07 15:48:00+00:00,607.0,2659.0,268.0,-8397.0,-111.1461186552765,-853.8151324434331
2026-03-07 15:49:00+00:00,2736.0,6624.0,2129.0,3965.0,1272.0880548206458,4216.398039158576
2026-03-07 15:50:00+00:00,1200.0,4158.0,-1536.0,-2466.0,232.96638360544284,643.9748256055117
2026-03-07 15:51:00+00:00,1988.0,5119.0,788.0,961.0,774.4654301428907,2002.9756137479321
2026-03-07 15:52:00+00:00,777.0,21950.0,-1211.0,16831.0,-688.0139461632127,25010.571302818127
2026-03-07 15:53:00+00:00,881.0,4276.0,104.0,-17674.0,11.107873143604285,603.7122816907543
2026-03-07 15:54:00+00:00,2816.0,5311.0,1935.0,1035.0,1517.7719596578067,2692.048846782727
2026-03-07 15:55:00+00:00,1486.0,3660.0,-1330.0,-1651.0,480.2571028257586,304.9379549988147
2026-03-07 15:56:00+00:00,1389.0,14334.0,-97.0,10674.0,-280.31577718953116,13278.976860741303
2026-03-07 15:57:00+00:00,608.0,6273.0,-781.0,-8061.0,-211.87460840700248,2319.9371692032587
2026-03-07 15:58:00+00:00,1215.0,4134.0,607.0,-2139.0,245.05527794937677,628.5861116937836
2026-03-07 15:59:00+00:00,2552.0,2014.0,1337.0,-2120.0,1647.4323316436385,-912.2761555031802
2026-03-07 16:00:00+00:00,711.0,2458.0,-1841.0,444.0,-35.09441977308936,-980.6038169690569
2026-03-07 16:01:00+00:00,238.0,9276.0,-473.0,6818.0,-411.55204981377466,5139.3154731407185
2026-03-07 16:02:00+00:00,521.0,3524.0,283.0,-5752.0,-187.62560269762034,-194.62366822473385
2026-03-07 16:03:00+00:00,98.0,1637.0,-423.0,-1887.0,-413.0377437653945,-1709.2577157123421
2026-03-07 16:04:00+00:00,920.0,2090.0,822.0,453.0,129.05722213058186,-1214.4733568592724
2026-03-07 16:05:00+00:00,946.0,709.0,26.0,-1381.0,208.9100572085234,-2233.931330197681
2026-03-07 16:06:00+00:00,560.0,9099.0,-386.0,8390.0,-308.1767887943277,5265.994015496012
2026-03-07 16:07:00+00:00,432.0,3800.0,-128.0,-5299.0,-245.5342628411412,-4.571160753541849
2026-03-07 16:08:00+00:00,564.0,2562.0,132.0,-1238.0,-136.66272066206196,-940.949459923756
2026-03-07 16:09:00+00:00,1365.0,1614.0,801.0,-948.0,514.0218819576116,-1499.7585980624265
2026-03-07 16:10:00+00:00,428.0,1707.0,-937.0,93.0,-206.46590541958992,-1600.825308343131
2026-03-07 16:11:00+00:00,368.0,10610.0,-60.0,8903.0,-396.9882860086418,6819.563705194763
2026-03-07 16:12:00+00:00,314.0,2420.0,-54.0,-8190.0,-290.90466813134805,-1115.6430240692057
2026-03-07 16:13:00+00:00,822.0,2896.0,508.0,476.0,26.01234492201969,-599.8462134292565
2026-03-07 16:14:00+00:00,1303.0,956.0,481.0,-1940.0,500.2172021801557,-2020.909406120983
2026-03-07 16:15:00+00:00,850.0,1622.0,-453.0,666.0,95.43393187182765,-1585.1494074005482
2026-03-07 16:16:00+00:00,342.0,7730.0,-508.0,6108.0,-357.6739413244784,3581.4449170857924
2026-03-07 16:17:00+00:00,106.0,3042.0,-236.0,-4688.0,-415.1441401511321,-719.8774924243396
2026-03-07 16:18:00+00:00,642.0,1647.0,536.0,-1395.0,-58.05193278822362,-1604.1661583847178
2026-03-07 16:19:00+00:00,518.0,521.0,-124.0,-1126.0,-117.64556901972047,-2389.724370414079
2026-03-07 16:20:00+00:00,314.0,881.0,-204.0,360.0,-268.60740271348874,-2173.2611539707173
2026-03-07 16:21:00+00:00,90.0,1466.0,-224.0,585.0,-417.07925073051894,-1823.04711257171
2026-03-07 16:22:00+00:00,208.0,3737.0,118.0,2271.0,-366.4666504022064,-148.18906929573893
2026-03-07 16:23:00+00:00,407.0,948.0,199.0,-2789.0,-206.0733176428297,-2120.306770830747
2026-03-07 16:24:00+00:00,857.0,2245.0,450.0,1297.0,76.10066337547198,-1108.662564563444
2026-03-07 16:25:00+00:00,915.0,1488.0,58.0,-757.0,150.72531838336212,-1673.7790075553746
2026-03-07 16:26:00+00:00,775.0,11554.0,-140.0,10066.0,-315.86933103590684,8492.143965760599
2026-03-07 16:27:00+00:00,625.0,3794.0,-150.0,-7760.0,-132.02144031552132,70.97144394787885
2026-03-07 16:28:00+00:00,877.0,1389.0,252.0,-2405.0,125.36966179526367,-1752.9698033041138
2026-03-07 16:29:00+00:00,1096.0,3597.0,219.0,2208.0,188.17435417062808,92.3479282410537
2026-03-07 16:30:00+00:00,1264.0,2048.0,168.0,-1549.0,402.19987673927767,-1169.701553583297
2026-03-07 16:31:00+00:00,1249.0,10449.0,-15.0,8401.0,-94.30785951655831,7639.088070096369
2026-03-07 16:32:00+00:00,512.0,3526.0,-737.0,-6923.0,-193.0495974090802,-196.47996847019203
2026-03-07 16:33:00+00:00,937.0,1958.0,425.0,-1568.0,147.54577029883032,-1313.094869571594
2026-03-07 16:34:00+00:00,2009.0,2481.0,1072.0,523.0,1036.6677695607284,-608.8373597506171
2026-03-07 16:35:00+00:00,726.0,1954.0,-1283.0,-527.0,-7.863091981039039,-1361.495080407403
2026-03-07 16:36:00+00:00,235.0,11187.0,-491.0,9233.0,-433.08915923304755,7356.553545407343
2026-03-07 16:37:00+00:00,446.0,1753.0,211.0,-9434.0,-195.45658909989928,-1564.9637281789924
2026-03-07 16:38:00+00:00,580.0,641.0,134.0,-1112.0,-74.79463976948874,-2307.4300904167667
2026-03-07 16:39:00+00:00,527.0,1139.0,-53.0,498.0,-126.03755986985699,-1978.6071418899526
2026-03-07 16:40:00+00:00,1174.0,1815.0,647.0,676.0,341.37678754452935,-1375.7857765580566
2026-03-07 16:41:00+00:00,193.0,10736.0,-981.0,8921.0,-436.5918596342886,6764.462695622334
2026-03-07 16:42:00+00:00,496.0,1248.0,303.0,-9488.0,-150.43020423232988,-1908.2069802163478
2026-03-07 16:43:00+00:00,766.0,1039.0,270.0,-209.0,53.23775080846738,-2019.2173752392964
2026-03-07 16:44:00+00:00,711.0,3625.0,-55.0,2586.0,-73.37899143228228,-36.28299972976302
2026-03-07 16:45:00+00:00,1927.0,2919.0,1216.0,-706.0,919.285579203477,-226.66505929298816
2026-03-07 16:46:00+00:00,485.0,13294.0,-1442.0,10375.0,-427.6634261079534,10408.225170578036
2026-03-07 16:47:00+00:00,518.0,1791.0,33.0,-11503.0,-147.9996309835917,-1523.8673561348646
2026-03-07 16:48:00+00:00,1009.0,3002.0,491.0,1211.0,154.2007302844351,-451.63998219032817
2026-03-07 16:49:00+00:00,843.0,1302.0,-166.0,-1700.0,102.58961158790093,-1821.5101270885857
2026-03-07 16:50:00+00:00,1756.0,1916.0,913.0,614.0,845.0699592829842,-1173.064711996518
2026-03-07 16:51:00+00:00,602.0,14309.0,-1154.0,12393.0,-438.02498341558953,12003.463317443613
2026-03-07 16:52:00+00:00,234.0,1990.0,-368.0,-12319.0,-333.97345838866073,-1442.068748109489
2026-03-07 16:53:00+00:00,1127.0,2868.0,893.0,878.0,248.45053389123174,-526.4646736000902
2026-03-07 16:54:00+00:00,908.0,606.0,-219.0,-2262.0,182.24531554758218,-2308.6375813872073
2026-03-07 16:55:00+00:00,48.0,972.0,-860.0,366.0,-441.0375125494393,-2142.8491560736156
2026-03-07 16:56:00+00:00,625.0,5395.0,577.0,4423.0,-178.19088860634102,1491.3910587410912
2026-03-07 16:57:00+00:00,220.0,1128.0,-405.0,-4267.0,-333.70963011084746,-2024.1595198282207
2026-03-07 16:58:00+00:00,477.0,515.0,257.0,-613.0,-147.521631177002,-2395.919837236398
2026-03-07 16:59:00+00:00,528.0,2136.0,51.0,1621.0,-149.61689672727704,-1270.6155811092199
2026-03-07 17:00:00+00:00,1684.0,1443.0,1156.0,-693.0,814.8989045919927,-1585.2608342421431
2026-03-07 17:01:00+00:00,833.0,11877.0,-851.0,10434.0,-311.55018170825184,8989.289855993537
2026-03-07 17:02:00+00:00,145.0,229.0,-688.0,-11648.0,-375.42500862487174,-2585.3452084432784
2026-03-07 17:03:00+00:00,860.0,1398.0,715.0,1169.0,111.89954600702956,-1748.9700905190193
2026-03-07 17:04:00+00:00,1113.0,2679.0,253.0,1281.0,247.5585196483806,-689.3100023322148
2026-03-07 17:05:00+00:00,1518.0,2150.0,405.0,-529.0,611.6936617668514,-1026.3674155502977
2026-03-07 17:06:00+00:00,452.0,10982.0,-1066.0,8832.0,-383.94450901116136,7370.413001968525
2026-03-07 17:07:00+00:00,348.0,3175.0,-104.0,-7807.0,-282.33501236586187,-536.1592523950935
2026-03-07 17:08:00+00:00,690.0,2383.0,342.0,-792.0,-47.11325770369774,-1044.16893117466
2026-03-07 17:09:00+00:00,1099.0,1528.0,409.0,-855.0,295.2459343629585,-1613.072804564006
2026-03-07 17:10:00+00:00,1413.0,1850.0,314.0,322.0,540.5155623813127,-1299.4771029635099
2026-03-07 17:11:00+00:00,614.0,7398.0,-799.0,5548.0,-240.80128508689646,3462.823337164788
2026-03-07 17:12:00+00:00,186.0,1858.0,-428.0,-5540.0,-361.761570773265,-1543.4543770986945
2026-03-07 17:13:00+00:00,524.0,2233.0,338.0,375.0,-154.61611210078647,-1199.7389829432832
2026-03-07 17:14:00+00:00,779.0,1253.0,255.0,-980.0,55.51593425326376,-1865.8152287686296
2026-03-07 17:15:00+00:00,844.0,1362.0,65.0,109.0,101.02306057487488,-1777.7160985516732
2026-03-07 17:16:00+00:00,620.0,9638.0,-224.0,8276.0,-302.2401499914761,5948.831920432908
2026-03-07 17:17:00+00:00,472.0,3047.0,-148.0,-6591.0,-206.30072795239712,-593.6090156831895
2026-03-07 17:18:00+00:00,1394.0,2802.0,922.0,-245.0,462.85323443445935,-499.905079744873
2026-03-07 17:19:00+00:00,1367.0,1179.0,-27.0,-1623.0,543.1943125294795,-1842.4550058418795
2026-03-07 17:20:00+00:00,992.0,2091.0,-375.0,912.0,183.56994899090265,-1197.1499893242733
2026-03-07 17:21:00+00:00,465.0,13333.0,-527.0,11242.0,-431.2547864959434,10432.074539189247
2026-03-07 17:22:00+00:00,70.0,1465.0,-395.0,-11868.0,-429.05285145970936,-1826.9191848590092
2026-03-07 17:23:00+00:00,775.0,779.0,705.0,-686.0,69.43360376336962,-2199.177784071365
2026-03-07 17:24:00+00:00,1083.0,3187.0,308.0,2408.0,199.3433914421287,-269.4125217852709
2026-03-07 17:25:00+00:00,1112.0,1730.0,29.0,-1457.0,295.486037587496,-1454.6033203149343
2026-03-07 17:26:00+00:00,1105.0,7420.0,-7.0,5690.0,-0.27005740365441927,3886.1712819781496
2026-03-07 17:27:00+00:00,344.0,4752.0,-761.0,-2668.0,-309.67368004037843,756.8257650468979
2026-03-07 17:28:00+00:00,666.0,2493.0,322.0,-2259.0,-66.92556435179986,-965.7265437600408
2026-03-07 17:29:00+00:00,848.0,723.0,182.0,-1770.0,129.09647243999808,-2231.8613604427983
2026-03-07 17:30:00+00:00,867.0,1111.0,19.0,388.0,128.7697268080795,-1956.1643063418871
2026-03-07 17:31:00+00:00,276.0,5594.0,-591.0,4483.0,-354.1588864858606,1463.4862006532915
2026-03-07 17:32:00+00:00,276.0,2584.0,0.0,-3010.0,-315.827112982219,-1005.8656037375512
2026-03-07 17:33:00+00:00,592.0,515.0,316.0,-2069.0,-62.408935688244505,-2389.4113587282145
2026-03-07 17:34:00+00:00,772.0,2199.0,180.0,1684.0,16.514996181719265,-1165.0407902964998
2026-03-07 17:35:00+00:00,1256.0,1742.0,484.0,-457.0,413.3346927631779,-1417.6799332034768
2026-03-07 17:36:00+00:00,649.0,11533.0,-607.0,9791.0,-349.1090869146066,8305.253552378417
2026-03-07 17:37:00+00:00,155.0,1563.0,-494.0,-9970.0,-378.2563337175071,-1748.3537408769296
2026-03-07 17:38:00+00:00,1619.0,3544.0,1464.0,1981.0,597.0691460067404,249.32952245048557
2026-03-07 17:39:00+00:00,1347.0,1468.0,-272.0,-2076.0,507.51823098572964,-1618.9576348683852
2026-03-07 17:40:00+00:00,555.0,6500.0,-792.0,5032.0,-243.3663349097152,2505.9626471277425
2026-03-07 17:41:00+00:00,790.0,8071.0,235.0,1571.0,-184.65163620739037,4334.230880327866
2026-03-07 17:42:00+00:00,94.0,1646.0,-696.0,-6425.0,-415.45429842186246,-1704.014553602635
2026-03-07 17:43:00+00:00,835.0,2129.0,741.0,483.0,64.57508177978775,-1203.953602030936
2026-03-07 17:44:00+00:00,1143.0,1618.0,308.0,-511.0,326.5373743417858,-1536.0290547647328
2026-03-07 17:45:00+00:00,1652.0,1709.0,509.0,91.0,764.5376274952416,-1369.5411005704539
2026-03-07 17:46:00+00:00,378.0,7819.0,-1274.0,6110.0,-345.91288321650654,3704.5129067212984
2026-03-07 17:47:00+00:00,506.0,4083.0,128.0,-3736.0,-209.62826096858925,263.3012354171046
2026-03-07 17:48:00+00:00,807.0,954.0,301.0,-3129.0,87.96992296943232,-2074.4229850556126
2026-03-07 17:49:00+00:00,894.0,2472.0,87.0,1518.0,93.87114419135122,-920.0163425088933
2026-03-07 17:50:00+00:00,1007.0,1454.0,113.0,-1018.0,224.67273661769826,-1684.3457030213385
2026-03-07 17:51:00+00:00,654.0,8461.0,-353.0,7007.0,-255.12452211152643,4641.509135191781
2026-03-07 17:52:00+00:00,583.0,3685.0,-71.0,-4776.0,-154.44506314312468,-37.493347381059515
2026-03-07 17:53:00+00:00,861.0,3112.0,278.0,-573.0,44.57657835089471,-409.5456772234796
2026-03-07 17:54:00+00:00,1380.0,929.0,519.0,-2183.0,570.6730977513178,-2033.4608575398663
2026-03-07 17:55:00+00:00,1438.0,1466.0,58.0,537.0,587.7298877663777,-1605.8778942254028
2026-03-07 17:56:00+00:00,599.0,12580.0,-839.0,11114.0,-390.591858693963,9607.845567970824
2026-03-07 17:57:00+00:00,337.0,1240.0,-262.0,-11340.0,-258.5855369259958,-1935.3482309441843
2026-03-07 17:58:00+00:00,1250.0,2580.0,913.0,1340.0,359.97767764202854,-732.6525098288206
2026-03-07 17:59:00+00:00,2072.0,1083.0,822.0,-1497.0,1231.5635421279835,-1832.821445862702
2026-03-07 18:00:00+00:00,1181.0,1520.0,-891.0,437.0,363.17730197463186,-1605.5064276733947
2026-03-07 18:01:00+00:00,358.0,11576.0,-823.0,10056.0,-415.32072436180755,7990.182654564807
2026-03-07 18:02:00+00:00,277.0,2119.0,-81.0,-9457.0,-309.2946097937207,-1341.603971927598
2026-03-07 18:03:00+00:00,699.0,942.0,422.0,-1177.0,5.556124686315669,-2094.025024809586
2026-03-07 18:04:00+00:00,1115.0,3293.0,416.0,2351.0,217.49906826572737,-166.54006677931312
2026-03-07 18:05:00+00:00,1425.0,697.0,310.0,-2596.0,626.7422328823023,-2205.681315923995
2026-03-07 18:06:00+00:00,300.0,7052.0,-1125.0,6355.0,-363.4701618176366,2861.662169055509
2026-03-07 18:07:00+00:00,315.0,2542.0,15.0,-4510.0,-292.07278031764565,-1025.8170414128817
2026-03-07 18:08:00+00:00,86.0,1567.0,-229.0,-975.0,-419.882251068517,-1757.576132047371
2026-03-07 18:09:00+00:00,904.0,930.0,818.0,-637.0,165.4688524818588,-2081.3450325940935
2026-03-07 18:10:00+00:00,686.0,1111.0,-218.0,181.0,-9.598575542331576,-1978.2630222842956
2026-03-07 18:11:00+00:00,385.0,7361.0,-301.0,6250.0,-335.1847049991715,3238.992325549585
2026-03-07 18:12:00+00:00,133.0,700.0,-252.0,-6661.0,-386.33811295218504,-2302.8024986434034
2026-03-07 18:13:00+00:00,459.0,1523.0,326.0,823.0,-181.9350965689711,-1724.020976726882
2026-03-07 18:14:00+00:00,1088.0,683.0,629.0,-840.0,328.72110376482163,-2241.5486070995935
2026-03-07 18:15:00+00:00,418.0,1126.0,-670.0,443.0,-201.87247746805866,-2000.9536390235935
2026-03-07 18:16:00+00:00,629.0,9726.0,211.0,8600.0,-301.74803378226846,6061.693813837762
2026-03-07 18:17:00+00:00,142.0,1532.0,-487.0,-8194.0,-385.9707934707506,-1771.12442870387
2026-03-07 18:18:00+00:00,917.0,2722.0,775.0,1190.0,100.06754367148744,-712.0710586025504
2026-03-07 18:19:00+00:00,1642.0,995.0,725.0,-1727.0,809.398302641176,-1954.2843528084138
2026-03-07 18:20:00+00:00,935.0,1204.0,-707.0,209.0,178.55531536920293,-1880.1870882459216
2026-03-07 18:21:00+00:00,372.0,9437.0,-563.0,8233.0,-375.8982647068628,5457.459228027233
2026-03-07 18:22:00+00:00,141.0,1604.0,-231.0,-7833.0,-387.04818726525775,-1723.5169844507188
2026-03-07 18:23:00+00:00,1169.0,2832.0,1028.0,1228.0,282.4383496186262,-543.7816210106312
2026-03-07 18:24:00+00:00,144.0,565.0,-1025.0,-2267.0,-378.327214284561,-2384.467083785837
2026-03-07 18:25:00+00:00,1236.0,1566.0,1092.0,1001.0,406.6528497215295,-1560.3252582524142
2026-03-07 18:26:00+00:00,462.0,8902.0,-774.0,7336.0,-337.1997268694489,4947.8614210380165
2026-03-07 18:27:00+00:00,349.0,1073.0,-113.0,-7829.0,-247.9088321032379,-2044.4729568251785
2026-03-07 18:28:00+00:00,551.0,1960.0,202.0,887.0,-129.8154442541164,-1394.6902526172587
2026-03-07 18:29:00+00:00,908.0,1358.0,357.0,-602.0,150.73976851033618,-1771.081353334803
2026-03-07 18:30:00+00:00,967.0,1092.0,59.0,-266.0,209.07464370434658,-1957.7880199454044
2026-03-07 18:31:00+00:00,862.0,8966.0,-105.0,7874.0,-187.56541859568355,5413.263428644423
2026-03-07 18:32:00+00:00,339.0,1657.0,-523.0,-7309.0,-263.7790062064086,-1652.1073926141803
2026-03-07 18:33:00+00:00,584.0,2214.0,245.0,557.0,-114.20298154195271,-1199.249346355628
2026-03-07 18:34:00+00:00,831.0,560.0,247.0,-1654.0,121.81660391918345,-2345.2248636528575
2026-03-07 18:35:00+00:00,404.0,663.0,-427.0,103.0,-202.8381568822063,-2305.728946995429
2026-03-07 18:36:00+00:00,195.0,6023.0,-209.0,5360.0,-393.7959323251696,1803.3657577208448
2026-03-07 18:37:00+00:00,55.0,761.0,-140.0,-5262.0,-436.1933542058903,-2271.779979834977
2026-03-07 18:38:00+00:00,549.0,2012.0,494.0,1251.0,-132.48618343115632,-1357.060508169666
2026-03-07 18:39:00+00:00,812.0,508.0,263.0,-1504.0,108.57374227951205,-2381.7048505411362
2026-03-07 18:40:00+00:00,365.0,3001.0,-447.0,2493.0,-269.55762774324535,-664.8658515178714
2026-03-07 18:41:00+00:00,282.0,5302.0,-83.0,2301.0,-347.6533981346997,1205.0792635255623
2026-03-07 18:42:00+00:00,67.0,939.0,-215.0,-4363.0,-429.21603449980955,-2161.3100532512376
2026-03-07 18:43:00+00:00,693.0,431.0,626.0,-508.0,17.36549099091893,-2439.3484918125564
2026-03-07 18:44:00+00:00,1250.0,2349.0,557.0,1918.0,373.300778897718,-925.7501026445752
2026-03-07 18:45:00+00:00,58.0,1295.0,-1192.0,-1054.0,-435.7434157819565,-1938.3043623269814
2026-03-07 18:46:00+00:00,736.0,7373.0,678.0,6078.0,-184.73136833034403,3535.59372879365
2026-03-07 18:47:00+00:00,403.0,4976.0,-333.0,-2397.0,-283.74216254460913,984.3064783891408
2026-03-07 18:48:00+00:00,710.0,2805.0,307.0,-2171.0,-47.15025399795499,-708.1375947504645
2026-03-07 18:49:00+00:00,1083.0,1166.0,373.0,-1639.0,300.33332949124144,-1888.9338662994035
2026-03-07 18:50:00+00:00,1391.0,1422.0,308.0,256.0,548.9685164917147,-1648.383010720602
2026-03-07 18:51:00+00:00,517.0,9469.0,-874.0,8047.0,-331.83357591755646,5644.602220212383
2026-03-07 18:52:00+00:00,506.0,2351.0,-11.0,-7118.0,-169.19099913074984,-1116.3117788501243
2026-03-07 18:53:00+00:00,909.0,3170.0,403.0,819.0,75.52255364493844,-344.61023669605174
2026-03-07 18:54:00+00:00,759.0,987.0,-150.0,-2183.0,49.70531244045809,-2056.4274119877414
2026-03-07 18:55:00+00:00,1558.0,1507.0,799.0,520.0,693.1049691882516,-1553.1433482903778
2026-03-07 18:56:00+00:00,560.0,10004.0,-998.0,8497.0,-331.560850149768,6315.129157064798
2026-03-07 18:57:00+00:00,513.0,2251.0,-47.0,-7753.0,-162.27371074409552,-1189.0751812130352
2026-03-07 18:58:00+00:00,775.0,3231.0,262.0,980.0,-18.247398197449474,-340.9553518967795
2026-03-07 18:59:00+00:00,2041.0,1935.0,1266.0,-1296.0,1119.0871364311347,-1096.0986707520415
2026-03-07 19:00:00+00:00,611.0,1167.0,-1430.0,-768.0,-66.45519010158412,-1948.7217193350366
2026-03-07 19:01:00+00:00,429.0,6670.0,-182.0,5503.0,-304.04272747089095,2582.1823970496525
2026-03-07 19:02:00+00:00,55.0,715.0,-374.0,-5955.0,-436.07661846155474,-2299.7181971305627
2026-03-07 19:03:00+00:00,829.0,1440.0,774.0,725.0,86.55339964517948,-1723.0404422995962
2026-03-07 19:04:00+00:00,259.0,500.0,-570.0,-940.0,-300.9088089053353,-2417.5094708119236
2026-03-07 19:05:00+00:00,687.0,729.0,428.0,229.0,3.255470189171447,-2240.5965858332966
2026-03-07 19:06:00+00:00,361.0,5490.0,-326.0,4761.0,-313.37092922674697,1420.9371763867523
2026-03-07 19:07:00+00:00,197.0,1255.0,-164.0,-4235.0,-349.6293716046292,-1944.6510250370327
2026-03-07 19:08:00+00:00,412.0,528.0,215.0,-727.0,-194.62241233009445,-2391.351466178593
2026-03-07 19:09:00+00:00,552.0,1907.0,140.0,1379.0,-127.78847462411917,-1433.1280729206787
2026-03-07 19:10:00+00:00,863.0,1047.0,311.0,-860.0,128.18444771415085,-2002.43530964676
2026-03-07 19:11:00+00:00,347.0,6888.0,-516.0,5841.0,-342.3603888339585,2735.6511075994777
2026-03-07 19:12:00+00:00,408.0,3384.0,61.0,-3504.0,-251.23899837892023,-350.2619848796336
2026-03-07 19:13:00+00:00,838.0,2613.0,430.0,-771.0,48.051873133983186,-823.1289503979932
2026-03-07 19:14:00+00:00,1637.0,649.0,799.0,-1964.0,830.7587386818849,-2226.7650318317865
2026-03-07 19:15:00+00:00,677.0,1375.0,-960.0,726.0,-24.54217908392565,-1793.4661019069483
2026-03-07 19:16:00+00:00,603.0,8853.0,-74.0,7478.0,-286.1056339795139,5030.623151515632
2026-03-07 19:17:00+00:00,125.0,1890.0,-478.0,-6963.0,-398.35900743951277,-1534.1806016003823
2026-03-07 19:18:00+00:00,1387.0,2552.0,1262.0,662.0,473.1264322776592,-717.7967355886976
2026-03-07 19:19:00+00:00,1158.0,734.0,-229.0,-1818.0,386.0884093764819,-2199.2224568212528
2026-03-07 19:20:00+00:00,907.0,1409.0,-251.0,675.0,147.82430290751617,-1733.6262589307505
2026-03-07 19:21:00+00:00,167.0,8473.0,-740.0,7064.0,-424.16054546034184,4201.349612679741
2026-03-07 19:22:00+00:00,340.0,917.0,173.0,-7556.0,-251.52439493120153,-2147.4252572136343
2026-03-07 19:23:00+00:00,949.0,2489.0,609.0,1572.0,133.42738252871416,-891.411502188221
2026-03-07 19:24:00+00:00,1541.0,597.0,592.0,-1892.0,742.307287976204,-2273.349123645063
2026-03-07 19:25:00+00:00,1050.0,1595.0,-491.0,998.0,252.355030545304,-1570.1744066879269
2026-03-07 19:26:00+00:00,1.0,6784.0,-1049.0,5189.0,-469.96358332454713,2375.478127621118
2026-03-07 19:27:00+00:00,388.0,3907.0,387.0,-2877.0,-272.17171758001655,64.73316626401312
2026-03-07 19:28:00+00:00,298.0,740.0,-90.0,-3167.0,-277.45683473695095,-2264.788010188166
2026-03-07 19:29:00+00:00,417.0,1279.0,119.0,539.0,-205.50314256203168,-1898.0629445166649
2026-03-07 19:30:00+00:00,693.0,611.0,276.0,-668.0,11.609911248461124,-2319.604829818105
2026-03-07 19:31:00+00:00,277.0,3645.0,-416.0,3034.0,-328.7983380949585,-193.27547982461994
2026-03-07 19:32:00+00:00,163.0,1617.0,-114.0,-2028.0,-373.77211284366194,-1710.950305694035
2026-03-07 19:33:00+00:00,658.0,1545.0,495.0,-72.0,-43.55310707451925,-1674.9086337955305
2026-03-07 19:34:00+00:00,379.0,494.0,-279.0,-1051.0,-217.4488020340995,-2414.6921285392755
2026-03-07 19:35:00+00:00,882.0,974.0,503.0,480.0,146.12705570735827,-2052.340775249251
2026-03-07 19:36:00+00:00,82.0,5482.0,-800.0,4508.0,-437.0749249767969,1245.589284602361
2026-03-07 19:37:00+00:00,238.0,817.0,156.0,-4665.0,-318.6598350321068,-2221.1769962878143
2026-03-07 19:38:00+00:00,744.0,2579.0,506.0,1762.0,-16.418295114388005,-876.9038603187158
2026-03-07 19:39:00+00:00,1619.0,948.0,875.0,-1631.0,790.9946248706956,-1994.0410789368057
2026-03-07 19:40:00+00:00,942.0,1348.0,-677.0,400.0,177.86064736457865,-1773.4020047220351
2026-03-07 19:41:00+00:00,401.0,10007.0,-541.0,8659.0,-377.8394310575776,6143.829724290589
2026-03-07 19:42:00+00:00,120.0,1910.0,-281.0,-8097.0,-401.4116684327747,-1521.6202054195642
2026-03-07 19:43:00+00:00,1382.0,2293.0,1262.0,383.0,485.50062063824265,-938.8467075077571
2026-03-07 19:44:00+00:00,986.0,903.0,-396.0,-1390.0,233.0288918847885,-2092.3968910801477
2026-03-07 19:45:00+00:00,1208.0,5506.0,222.0,4603.0,163.55558363696267,1947.9827161768499
2026-03-07 19:46:00+00:00,133.0,3627.0,-1075.0,-1879.0,-404.30023731903725,-264.981449082446
2026-03-07 19:47:00+00:00,289.0,1298.0,156.0,-2329.0,-291.0003526708139,-1903.436514512953
2026-03-07 19:48:00+00:00,924.0,837.0,635.0,-461.0,185.4794148644791,-2145.428256837125
2026-03-07 19:49:00+00:00,1062.0,2764.0,138.0,1927.0,204.6967691590005,-633.7971959345829
2026-03-07 19:50:00+00:00,1391.0,1372.0,329.0,-1392.0,552.1775959456824,-1687.9474579648352
2026-03-07 19:51:00+00:00,646.0,7558.0,-745.0,6186.0,-231.39476001468202,3657.147600227244
2026-03-07 19:52:00+00:00,406.0,1892.0,-240.0,-5666.0,-224.45005653559662,-1474.395204987126
2026-03-07 19:53:00+00:00,507.0,550.0,101.0,-1342.0,-126.41028831828856,-2371.631223459658
2026-03-07 19:54:00+00:00,672.0,1546.0,165.0,996.0,-33.49643054526833,-1671.8109849784962
