minutes_since_peak,mean_normalized_attention,median_normalized_attention,mean_new_view_count,items_observed,eligible_for_fit
0.0,1.0,1.0,554.6666666666666,21,True
1.0,0.0779199286826523,0.0,26.571428571428573,21,True
2.0,0.0729053240156538,0.0,18.476190476190474,21,True
3.0,0.09504066400827964,0.0,18.38095238095238,21,True
4.0,0.1415101159075517,0.0,59.42857142857143,21,True
5.0,0.5507483041374762,0.5819209039548022,319.3809523809524,21,True
6.0,0.09097836467831145,0.0,42.285714285714285,21,True
7.0,0.04937966059483385,0.0,11.80952380952381,21,True
8.0,0.06461789654399701,0.0,15.904761904761905,21,True
9.0,0.12672692900396618,0.0,66.47619047619048,21,True
10.0,0.4089176708094732,0.3891625615763547,207.9047619047619,21,True
11.0,0.07002619347209446,0.0,35.23809523809524,21,True
12.0,0.06872237123122085,0.0,18.19047619047619,21,True
13.0,0.05153071225976587,0.0,12.571428571428571,21,True
14.0,0.10713531785102018,0.005845323741007194,39.95,20,True
15.0,0.3214369154537704,0.3669720546936145,161.95,20,True
16.0,0.07253738192026732,0.0,23.7,20,True
17.0,0.04258829615351222,0.0,8.45,20,True
18.0,0.05028982543906122,0.0,11.25,20,True
19.0,0.12015821298627735,0.027632645841272556,51.4,20,True
20.0,0.27599482655664126,0.28379540792695035,133.0,20,True
21.0,0.12092047757413511,0.0,42.9,20,True
22.0,0.054928714295440516,0.0,10.55,20,True
23.0,0.03804549186363933,0.0,12.3,20,True
24.0,0.11558989367364451,0.02463391136801541,80.9,20,True
25.0,0.2961533278630171,0.29994496134189486,167.3,20,True
26.0,0.05635351918433832,0.0,11.75,20,True
27.0,0.029823095638803775,0.0,9.5,20,True
28.0,0.04859688429165016,0.0,13.0,20,True
29.0,0.08166770919792735,0.00995504174694926,47.45,20,True
30.0,0.34506317732619485,0.3672893868083427,191.7,20,True
31.0,0.06842465704180863,0.0,33.65,20,True
32.0,0.02300976045115844,0.0,5.05,20,True
33.0,0.03254446864328146,0.0,9.0,20,True
34.0,0.09703835120922011,0.02638730104459379,54.9,20,True
35.0,0.29148222033636845,0.2958562735439003,158.5,20,True
36.0,0.0622420184933414,0.0,29.3,20,True
37.0,0.028085046883093906,0.0,6.95,20,True
38.0,0.03668599476416465,0.0,11.45,20,True
39.0,0.14425475795893014,0.022093011121451796,99.8,20,True
40.0,0.26600288606925493,0.2348850954351076,156.75,20,True
41.0,0.047865509014479966,0.0,18.85,20,True
42.0,0.03266689751024448,0.0,10.8,20,True
43.0,0.06554143326770247,0.0,41.15,20,True
44.0,0.07250956799366108,0.0,36.4,20,True
45.0,0.24530778759536348,0.2584004884004884,151.65,20,True
46.0,0.04429200243974912,0.0,10.55,20,True
47.0,0.01689119427239554,0.0,7.75,20,True
48.0,0.04265971325073347,0.0,23.3,20,True
49.0,0.08459081186838902,0.017556053811659193,35.05,20,True
50.0,0.24865873414035766,0.25413807415605977,136.15,20,True
51.0,0.03578495856395736,0.0,8.25,20,True
52.0,0.022641230788484696,0.0,6.0,20,True
53.0,0.056402531603637694,0.0,36.4,20,True
54.0,0.09062889438977885,0.0,57.6,20,True
55.0,0.24210393881614162,0.22840504128639721,147.4,20,True
56.0,0.04682613937806753,0.0,25.9,20,True
57.0,0.02118686514015933,0.0,6.25,20,True
58.0,0.022184602470293475,0.0,7.55,20,True
59.0,0.13336340114459763,0.01495049504950495,95.3,20,True
60.0,0.32194065940987915,0.26727045162187535,203.6,20,True
61.0,0.02548793462220248,0.0,8.95,20,True
62.0,0.05396417814954065,0.0,39.65,20,True
63.0,0.04210874119455749,0.0,28.85,20,True
64.0,0.10483168486676468,0.01,79.15,20,True
65.0,0.285097936841417,0.2927832512315271,151.7,20,True
66.0,0.03411355494040004,0.0,15.9,20,True
67.0,0.014380054912460536,0.0,7.4,20,True
68.0,0.01752207111630761,0.0,10.8,20,True
69.0,0.1005774865967447,0.014787430683918669,64.0,20,True
70.0,0.22213554132976424,0.26092959224996665,103.1,20,True
71.0,0.023825434791351886,0.0,10.95,20,True
72.0,0.019831592770548006,0.0,8.05,20,True
73.0,0.042237542898612604,0.0,34.15,20,True
74.0,0.12925793036603786,0.026995400491343878,77.45,20,True
75.0,0.20343100409599177,0.22000711660846373,111.5,20,True
76.0,0.035265505109622425,0.0,20.65,20,True
77.0,0.011536960086581706,0.0,7.4,20,True
78.0,0.02498262225624254,0.0,8.05,20,True
79.0,0.14276176549505437,0.03571164510166359,89.3,20,True
80.0,0.13323340357346464,0.0658362610454594,77.2,20,True
81.0,0.07198365785671547,0.0,30.0,20,True
82.0,0.016179209402821294,0.0,5.1,20,True
83.0,0.012419860958003247,0.0,7.05,20,True
84.0,0.04494572701217894,0.0,32.95,20,True
85.0,0.3015752007107876,0.320924680428772,183.4,20,True
86.0,0.01272848663883298,0.0,6.55,20,True
87.0,0.010400023863027472,0.0,4.7,20,True
88.0,0.013184547376264812,0.0,5.5,20,True
89.0,0.15533585605926134,0.019565209648869753,104.8,20,True
90.0,0.2821568464172196,0.25425170068027214,173.9,20,True
91.0,0.010456325112921907,0.0,3.4,20,True
92.0,0.00850712806406651,0.0,3.35,20,True
93.0,0.012701977829454064,0.0,3.65,20,True
94.0,0.11380497014164843,0.0,89.35,20,True
95.0,0.28491007226578824,0.32872447218998024,171.4,20,True
96.0,0.048489143838595275,0.0,6.2,20,True
97.0,0.02514064491022864,0.0,5.3,20,True
98.0,0.024171229549066607,0.0,5.35,20,True
99.0,0.08171182683354598,0.0,65.5,20,True
100.0,0.2057233201970022,0.195564681350901,125.65,20,True
101.0,0.05978590189388526,0.0,20.4,20,True
102.0,0.028185823021287193,0.0,5.55,20,True
103.0,0.003863453297210945,0.0,1.65,20,True
104.0,0.08412162565209347,0.0,56.5,20,True
105.0,0.2118820107911461,0.14603066439523,143.65,20,True
106.0,0.07177460522528203,0.0,22.7,20,True
107.0,0.036551942846765016,0.0,5.55,20,True
108.0,0.010261705503397306,0.0,2.95,20,True
109.0,0.12800234855794132,0.0,69.0,20,True
110.0,0.22887803759702527,0.1770214048140551,171.3,20,True
111.0,0.00794984419829893,0.0,2.75,20,True
112.0,0.033068181472525125,0.0,4.7,20,True
113.0,0.038398582008722294,0.0,36.05,20,True
114.0,0.1467897396648703,0.0,75.25,20,True
115.0,0.18992467460469856,0.1549191984486102,121.35,20,True
116.0,0.037625415352038546,0.0,22.8,20,True
117.0,0.026015095722095927,0.0,4.2,20,True
118.0,0.05101139887914398,0.0,14.7,20,True
119.0,0.09820523175782579,0.0,79.0,20,True
120.0,0.22735994486239736,0.20276497695852536,155.25,20,True
121.0,0.07050375126897748,0.0,29.0,20,True
122.0,0.034550884486659564,0.0,9.7,20,True
123.0,0.04002795797335223,0.0,7.4,20,True
124.0,0.07450326485505501,0.0,56.7,20,True
125.0,0.270083673128967,0.2734056095127937,176.35,20,True
126.0,0.062114362722893446,0.0,20.85,20,True
127.0,0.027645180525100493,0.0,3.95,20,True
128.0,0.009924349618480417,0.0,4.5,20,True
129.0,0.15750012323059365,0.0,118.7,20,True
130.0,0.21295381237809835,0.1370712597837948,94.85,20,True
131.0,0.04320061951266868,0.0,44.05,20,True
132.0,0.02949340962830358,0.0,4.25,20,True
133.0,0.03817577278042107,0.0,34.8,20,True
134.0,0.08559727178757712,0.0,50.5,20,True
135.0,0.23476778803672932,0.15420234937476318,92.95,20,True
136.0,0.018331582233580994,0.0,20.75,20,True
137.0,0.04973670720284281,0.0,7.2,20,True
138.0,0.03377124212827897,0.0,4.05,20,True
139.0,0.061490731517263184,0.0,35.55,20,True
140.0,0.24229225473188576,0.23152369048971705,144.05,20,True
141.0,0.005292718203374671,0.0,1.45,20,True
142.0,0.040860644196939896,0.0,5.0,20,True
143.0,0.029553207421582496,0.0,3.0,20,True
144.0,0.07139102237074997,0.0,56.25,20,True
145.0,0.2119964993167498,0.15675083592759137,137.1,20,True
146.0,0.058909153836131475,0.0,21.42105263157895,19,True
147.0,0.03775163009445571,0.0,4.473684210526316,19,True
148.0,0.017159967371518887,0.0,2.6842105263157894,19,True
149.0,0.11164626156533662,0.0,72.0,19,True
150.0,0.15879877107380355,0.08403361344537816,98.21052631578948,19,True
151.0,0.08284169227054945,0.0,50.1578947368421,19,True
152.0,0.021544834713458076,0.0,2.526315789473684,19,True
153.0,0.021783289667058704,0.0,22.526315789473685,19,True
154.0,0.09093654610339673,0.0,46.63157894736842,19,True
155.0,0.24286390323339868,0.2012288786482335,162.89473684210526,19,True
156.0,0.003647733194372069,0.0,0.3684210526315789,19,True
157.0,0.015530428785071052,0.0,2.0526315789473686,19,True
158.0,0.018886762625842417,0.0,1.9473684210526316,19,True
159.0,0.10176194734502239,0.0,70.94736842105263,19,True
160.0,0.18293216910771556,0.1360544217687075,122.36842105263158,19,True
161.0,0.051659237317789854,0.0,14.421052631578947,19,True
162.0,0.014310674764955488,0.0,1.6842105263157894,19,True
163.0,0.015838956739548347,0.0,1.631578947368421,19,True
164.0,0.03876774210892468,0.0,21.210526315789473,19,True
165.0,0.19167367067054308,0.14153846153846153,119.36842105263158,19,True
166.0,0.015617179985679153,0.0,8.263157894736842,19,True
167.0,0.023471608549620996,0.0,2.736842105263158,19,True
168.0,0.014796747255442042,0.0,1.5263157894736843,19,True
169.0,0.06143773892556229,0.0,41.421052631578945,19,True
170.0,0.14313496758207167,0.07389162561576355,109.73684210526316,19,True
171.0,0.02968857123956803,0.0,9.894736842105264,19,True
172.0,0.04552969594874661,0.0,5.421052631578948,19,True
173.0,0.020971181594055026,0.0,2.1578947368421053,19,True
174.0,0.07428598506422052,0.0,48.421052631578945,19,True
175.0,0.19652990183281882,0.18153846153846154,113.94736842105263,19,True
176.0,0.036913927613840464,0.0,29.94736842105263,19,True
177.0,0.03889256154854643,0.0,4.842105263157895,19,True
178.0,0.019959817771810166,0.0,20.05263157894737,19,True
179.0,0.10840691796795707,0.0,59.78947368421053,19,True
180.0,0.19094342869336747,0.13538461538461538,120.63157894736842,19,True
